"order_id","user_id","product_id","total_amount","product_name","product_class","ds","ts","comment"
"30674af95bd34f5f99a840e002f9075c","dcbb8868-20e8-4b2f-a1a4-9fb695c1f660","10119642687372","1680","lululemon丨Clippable Nano 可悬挂收纳包 *拉绒 LU9C85S 草莓奶昔/银色 O/S","Clippable Nano","2025-10-26 01:18:40","1761412720610","好评：这款收纳包设计巧妙，携带方便，容量适中，质量不错。"
"1980306b7cc24179ba2e69a1d9afd988","a3d27769-4953-4b92-a3e2-01892f647446","10163360022026","980","lululemon丨Daydrift™ 女士高腰收腿长裤 LW5HUCA 浅象牙白 M","Daydrift™","2025-10-26 01:32:13","1761413533099","穿着舒适，版型很好，值得购买。"
"b69c1109f02848d7b121a31621c87fc8","54ef4698-3b2b-4128-ba58-47f5aa4071d6","10137114652308","5600","lululemon丨 Align™ 女士运动罗纹吊带裙 LW1FB4S 太阳灰 线上专售 S /6","Align™","2025-10-26 03:58:46","1761422326817","好评：穿着舒适，弹性好，运动时很自在。"
"5fa301aa8f794ee782d9a4bdb6ebe0dc","7805110a-c3c3-401a-8e5f-1d32a2f4ad44","10153913858349","1740","lululemon丨Align™ 女士两穿抹胸运动背心 LW1FGIS 紫灰 S /6","Align™","2025-10-26 06:00:47","1761429647283","好评：穿着舒适，透气性好，运动时无束缚感。"
"4adfb07381bb4d448511cc79cbbc3ccb","3a3b8ad7-b86e-45de-bbc6-9878930b128b","10106875432312
","2340","lululemon丨High-Rise 女士风琴褶高腰网球裙 LW8ALXS 白色 XXS /2","High-Rise","2025-10-26 07:14:09","1761434049517","差评：膝盖位置容易透皮，质量一般。"
"c6cd128f53f442f8b1970241da48f01b","d0d0c539-2307-493c-a7ea-92258d845f9f","10146450567209","6000","lululemon丨Sojourn 男士夹克 芯吸 LM3CZOS 太阳灰 L","Sojourn","2025-10-26 07:40:07","1761435607515","好评：穿上很舒适，太阳灰颜色也很时尚！"
"f4382dc617a14476892133cccfb06aad","4183985d-5991-4257-be78-a7a0672cf5ef","10176896903499","480","lululemon丨Dual-Pouch 斜挎包 LU9C16S 暖褐灰/浅象牙白 O/S","Dual-Pouch","2025-10-26 07:41:13","1761435673709","差评：质量太差，用了几次就坏了。"
"faceeda809d245db8cf66c557384673e","e2e59d28-96c9-4ec1-847c-4630eb28f789","10162891417963","1280","lululemon丨Like a Cloud 女士细肩带运动内衣 A/B 速干 LW2DUDS 淀粉蓝 L /10","Like a","2025-10-26 08:08:21","1761437301078","好评：穿着舒适，运动时毫无负担，颜色也很好看！"
"3274eb012ec741b9be490ebf7c2de21d","484c9f2f-c7ff-48f9-a1d4-382bed43b24b","10135721469998","1360","lululemon丨On My Level 女士小款手袋 LW9FNDS 黑/金 O/S","On My","2025-10-26 09:05:28","1761440728771","这款手袋设计时尚，容量适中，非常实用。"
"3f6f12cb47c64e7c8107f57ee5edc8dc","714e3718-9dc3-4337-976a-2bfadb14d95c","10162878192196","420","lululemon丨All Yours 女士棉混纺短款 T 恤 LW3IP2S 淀粉蓝 XS","All Yours","2025-10-26 09:13:10","1761441190733","好评：质量很好，穿着舒适，颜色也很鲜艳！"
"661014aff1fe4e9cb88b235238fd8aca","f26a76dd-b0ac-452d-bd36-48e86f9802c9","10046746669896","550","lululemon丨Surge 男士运动短裤 6","Surge","2025-10-26 09:20:57","1761441657036","好评：这款短裤弹性十足，穿着舒适，运动时毫无束缚感。"
"9c59906e6af340ddad6c494efb37e33f","3b7bff50-e9b4-4a4a-9b32-3d3b421bf498","10119900815744","3600","lululemon丨Swiftly Tech 女士运动短款长袖 T 恤 2.0 LW3GH4S 石板灰/白 S /6","Swiftly Tech","2025-10-26 10:05:57","1761444357363","好评：这款运动T恤穿着舒适，透气性好，性价比高。"
"87597d6be51e4e55a6e304061c8fb9ad","57d00132-25fd-471e-9dd0-a11bb2a66455","10151683566676","4140","lululemon丨Water-Repellent Stretch 女士网球夹克 拒水 LW4BXKS 清凉蓝 XS /4","Water-Repellent Stretch","2025-10-26 10:23:06","1761445386459","好评：面料透气，款式时尚，穿上非常舒适！"
"9dcd6a453f2b4200a0bcad2cf7ef05b8","2d38140e-ce98-4210-8688-22d4df58f1fb","10120074154620","6900","lululemon丨Gym 运动健身包 LU9BRKS 黑/星际灰 O/S","Gym","2025-10-26 10:23:31","1761445411881","好评：设计时尚，容量足够，背起来也很舒服！"
"389f64f419f242aa966747c901386c81","484c9f2f-c7ff-48f9-a1d4-382bed43b24b","10137925562350","6480","lululemon丨Dance Studio 女士宽松剪裁中腰工装裤 拒水 LW5GOEA 黑色 M","Dance Studio","2025-10-26 11:01:42","1761447702313","好评：版型宽松舒适，防水效果很好，推荐！"
"843fc0963f6d4e9cbc630e0feed85341","cd27396f-37ae-4388-9f53-26cc9288ce91","10152080062465","4680","lululemon丨Modal-Blend 女士莫代尔混纺高腰 A 字中长裙 LW8AN6S 太阳灰 L","Modal-Blend","2025-10-26 11:27:11","1761449231720","差评：质量和描述不符，颜色偏离太多。"
"43b54048c42740c7bac0dda5632cc0de","3b7bff50-e9b4-4a4a-9b32-3d3b421bf498","10150603722759","1100","lululemon丨Soft Jersey 男士短袖针织衫芯吸 LM3ES3S 杂色经典海军蓝/杂色海军蓝 M","Soft Jersey","2025-10-26 00:51:13","1761411073784","这款短袖针织衫穿着舒适，透气性好，性价比高。"
"6f3e65178cd442a79d0d34009c62271c","54ef4698-3b2b-4128-ba58-47f5aa4071d6","10120669951099","3300","lululemon丨Soft Jersey 男士短袖针织衫芯吸 LM3ES3S 加热游牧民族/加热生亚麻 M","Soft Jersey","2025-10-26 11:58:20","1761451100105","穿着舒适，吸汗透气，性价比高。"
"d5181ae70705493fad16f7aecebe3d95","53b0e555-528b-4fb3-afac-7e9769e9d158","10164237882145","1100","lululemon丨Zeroed In 男士运动短裤 9","Zeroed In","2025-10-26 12:05:07","1761451507755","好评：这款短裤舒适透气，运动时非常合身！"
"fbe617286c89444c8fbd9fb142040cbf","7805110a-c3c3-401a-8e5f-1d32a2f4ad44","10097669813124","2660","lululemon丨Daily Stride 女士罗纹中筒袜 *3 双装 LW9FHFS 白色 L","Daily Stride","2025-10-26 12:55:19","1761454519511","好评：舒服透气，非常适合日常穿着。"
"171ef9b6ee964cb0888566a656eb569b","7805110a-c3c3-401a-8e5f-1d32a2f4ad44","10112021413182","1080","lululemon丨Softstreme™ 女士高腰长裤 *常规款 LW5GBHS 黑色 L /10","Softstreme™","2025-10-26 12:58:44","1761454724082","好评：穿起来非常舒适，弹性很好，黑色也很好看！"
"8524aa5585ec494c9c537a9b2de369f7","04e2bb73-9ba4-46c1-9af7-74c2060efc32","10158570948924","3840","lululemon丨Align™ 女士运动高腰紧身短裤 8","Align™","2025-10-26 13:11:26","1761455486836","好评：穿着舒适，运动时完全贴合身体，弹性很好。"
"8602f7aefd8449fba6882d146d925303","7805110a-c3c3-401a-8e5f-1d32a2f4ad44","10163351867613","1120","lululemon丨Focuser™ 女士低圆领运动内衣 A/B 芯吸 LW2EHJS 白色 XS","Focuser™","2025-10-26 14:10:15","1761459015731","好评：这款运动内衣舒适透气，适合长时间运动穿着。"
"fb3a4c4a21f04a6cb0c6953d792008d5","78d88d26-6ca6-401f-aec2-774c52d8593b","10147776908490","3000","lululemon丨Align™ 女士运动高腰中长紧身裤 21","Align™","2025-10-26 14:16:42","1761459402662","好评：穿起来非常舒适，运动时几乎没有束缚感。"
"79ab87d07d604f4b9b8a0007d79169c9","7805110a-c3c3-401a-8e5f-1d32a2f4ad44","10163353673211","7680","lululemon丨Classic-Fit Ventilated 女士跑步经典剪裁通风夹克 LW4BYZS 白色 S /6","Classic-Fit Ventilated","2025-10-26 14:55:21","1761461721294","好评：透气性极佳，跑步时候非常舒适！"
"1c22ba610ebe40e188803871c997e431","54ef4698-3b2b-4128-ba58-47f5aa4071d6","10137360071809","600","lululemon丨All It Takes 女士后侧锁孔运动背心*罗纹 Nulu™ LW1FNUS 朦胧粉 XS /4","All It","2025-10-26 07:05:06","1761433506723","好评：版型合适，颜色温柔，运动舒适！"
"3287ff26fa1c4f0483c52cf3965fa351","54ef4698-3b2b-4128-ba58-47f5aa4071d6","10103377971541","2200","lululemon丨Metal Vent Tech 男士运动短袖 T 恤 透气 LM3DOWS 运动上衣 石墨灰/黑 M","Metal Vent","2025-10-26 15:11:04","1761462664258","好评：透气性极佳，运动时非常舒适！"
"a5d85ac39eab4dbba863a31d5b25ede3","f26a76dd-b0ac-452d-bd36-48e86f9802c9","10067416338915","4500","lululemon丨Grid Tech 男士长裤 LM5577S 石墨灰 M","Grid Tech","2025-10-26 06:34:28","1761431668062","好评：质量不错，穿着舒适，运动时无束缚感。"
"4481444fb061486ca138555ccb44f03f","a44ca7ef-ba51-4b5d-8759-821468fdfb0d","10159663225944","7560","lululemon丨Define 女士夹克 *Nulu™ 芯吸 LW4CFOS 雾绿 L /10","Define","2025-10-26 16:29:15","1761467355478","好评：这款夹克轻薄透气，颜色漂亮，很喜欢！"
"6f8ae40e30b74e1092ffd6af885e1ed6","e2e59d28-96c9-4ec1-847c-4630eb28f789","10063930135996","15120","lululemon丨Cross Chill 女士运动夹克 LW4BOHS 黑色 3XS /0","Cross Chill","2025-10-26 16:59:35","1761469175863","这款夹克质量不错，透气性很好，但3XS尺码实在太小了。"
"07548f0ff83444c28b82d8c2b826d9c2","7e039977-efaf-46cb-91d6-47e727531403","10137933476135","2700","lululemon丨Hold Tight 女士平直下围紧身短款 T 恤 LW3IGAS 蔷薇粉 XS /4","Hold Tight","2025-10-26 17:38:53","1761471533760","好评：穿起来超级舒适，蔷薇粉也很显气质！"
"ed8884d4db8c485ba0e8b508d1692d20","714e3718-9dc3-4337-976a-2bfadb14d95c","10163360532999","7560","lululemon丨Balancer Woven 男士运动宽松剪裁长裤 *常规款 LM5BC9S 黑色 M","Balancer Woven","2025-10-26 18:22:58","1761474178884","好评：这款长裤穿着舒适，黑色百搭，非常满意！"
"196ba444f3354ec483106b188d9650d6","771c7346-c99f-4c13-84cc-a227c37e4f73","10137428321540","3400","lululemon丨Wunder Train 女士运动高腰紧身裤 25","Wunder Train","2025-10-26 20:24:11","1761481451802","好评：非常舒适，弹性十足，适合长时间运动。"
"7a9f1beb947745649b54ee3f4d9d852f","04e2bb73-9ba4-46c1-9af7-74c2060efc32","10158250811557","2040","lululemon丨Lightweight 女士轻盈版高腰网球裙 LW8AK7S 雨林绿 S /6","Lightweight","2025-10-26 21:05:43","1761483943226","好评：穿上超级舒适，运动感十足，颜值超高！"
"1da4b992e5d546c491ca05e1ccd7779f","7e039977-efaf-46cb-91d6-47e727531403","10129310177309","2940","lululemon丨Wunderlust 背包 拒水 双肩包 LU9AS8S 军绿/炮铜色 O/S","Wunderlust","2025-10-26 21:17:08","1761484628515","好评：这款背包防水耐用，设计时尚，非常适合日常使用。"
"bd8a0db96ce246d2a2ba2af36bd5cb3f","53b0e555-528b-4fb3-afac-7e9769e9d158","10163352339724","900","lululemon丨Metal Vent Tech 男士运动背心 LM1364S 青柠黄绿/雾绿 M","Metal Vent","2025-10-26 21:21:27","1761484887303","好评：这款运动背心透气性极佳，穿着舒适，运动时非常凉爽！"
"cd608b40042441b9a798d8fd753fbff1","8df90abc-0070-4628-8047-a541d5cef4ee","10154996630416","3200","lululemon丨All It Takes女士运动 T恤 *罗纹Nulu™ 速干 LW3GV0S 橡木棕 XS /4","All It","2025-10-26 21:27:17","1761485237846","好评：穿上非常舒适，速干性能好，颜色也很耐看！"
"3bd646c56ea54abeafe55cf0fb6cf584","3b7bff50-e9b4-4a4a-9b32-3d3b421bf498","10157570232238","1750","lululemon丨Fast and Free 运动腰包 LU9BXLS 薰衣草霜紫 S/M","Fast and","2025-10-26 21:29:07","1761485347714","好评：设计时尚，携带方便，质量上乘！"
"c181a842b17c4392ae4e1b854d495bbc","54ef4698-3b2b-4128-ba58-47f5aa4071d6","10115159936647","8260","lululemon丨Wunderlust 邮差包 LU9BVTS 黑色 O/S","Wunderlust","2025-10-26 21:43:19","1761486199126","好评：这款邮差包设计时尚，黑色简约大方，质量上乘，背起来非常舒适。"
"5936e5b03cee444bbbe1e0245e85fc37","cd27396f-37ae-4388-9f53-26cc9288ce91","10119642687372","2240","lululemon丨Clippable Nano 可悬挂收纳包 *拉绒 LU9C85S 草莓奶昔/银色 O/S","Clippable Nano","2025-10-27 00:05:03","1761494703015","好评：设计美观，容量大，拿取方便，非常实用！"
"85533b9ebe4f44dc961b769d273043f5","a44ca7ef-ba51-4b5d-8759-821468fdfb0d","10163360022026","7840","lululemon丨Daydrift™ 女士高腰收腿长裤 LW5HUCA 浅象牙白 M","Daydrift™","2025-10-27 00:12:06","1761495126403","好评：面料舒适，版型修身，穿着很显瘦！"
"e82f752d8cf94ea585588f3f150547f2","4183985d-5991-4257-be78-a7a0672cf5ef","10137114652308","4900","lululemon丨 Align™ 女士运动罗纹吊带裙 LW1FB4S 太阳灰 线上专售 S /6","Align™","2025-10-27 01:49:46","1761500986945","好评：舒适度非常高，运动时完全不勒腿！"
"6fa540194b594781844356b7ecc771e0","8df90abc-0070-4628-8047-a541d5cef4ee","10153913858349","5220","lululemon丨Align™ 女士两穿抹胸运动背心 LW1FGIS 紫灰 S /6","Align™","2025-10-27 04:13:36","1761509616579","好评：穿着舒适，运动时无束缚感，颜色也很搭。"
"0d125b6fc9fc49709010847ae9ffb3f3","e2e59d28-96c9-4ec1-847c-4630eb28f789","10106875432312
","1560","lululemon丨High-Rise 女士风琴褶高腰网球裙 LW8ALXS 白色 XXS /2","High-Rise","2025-10-27 05:11:08","1761513068216","好评：这款网球裙穿着舒适，高腰设计很显瘦！"
"5bc4ae23d2a942959f10c426f2bec218","d0d0c539-2307-493c-a7ea-92258d845f9f","10146450567209","3750","lululemon丨Sojourn 男士夹克 芯吸 LM3CZOS 太阳灰 L","Sojourn","2025-10-27 05:21:48","1761513708116","好评：设计时尚，保暖舒适，性价比高。"
"c5c05f036811440da5384dbaba4ecd07","484c9f2f-c7ff-48f9-a1d4-382bed43b24b","10176896903499","960","lululemon丨Dual-Pouch 斜挎包 LU9C16S 暖褐灰/浅象牙白 O/S","Dual-Pouch","2025-10-27 05:28:26","1761514106511","好评：这款斜挎包设计时尚，容量适中，颜色也很搭我的衣服。"
"745a02245a904c08accd7b677a521810","8df90abc-0070-4628-8047-a541d5cef4ee","10162891417963","2880","lululemon丨Like a Cloud 女士细肩带运动内衣 A/B 速干 LW2DUDS 淀粉蓝 L /10","Like a","2025-10-27 05:45:14","1761515114739","好评：真心舒适，就像云朵包裹着身体！"
"9f28da29d7f14562b138d69caff145b3","fced0ce9-3e87-467b-90ff-07f8919e2d14","10135721469998","4080","lululemon丨On My Level 女士小款手袋 LW9FNDS 黑/金 O/S","On My","2025-10-27 06:12:21","1761516741097","差评：质量一般，皮质很快变硬，不推荐。"
"84c9f5d2fd3c439e81b0e435420e46db","3b7bff50-e9b4-4a4a-9b32-3d3b421bf498","10162878192196","2940","lululemon丨All Yours 女士棉混纺短款 T 恤 LW3IP2S 淀粉蓝 XS","All Yours","2025-10-27 08:01:06","1761523266042","好评：穿着舒适透气，颜色鲜艳悦目。"
"12bf0e666d864d9a85d7ba4673e61f9f","7805110a-c3c3-401a-8e5f-1d32a2f4ad44","10046746669896","3850","lululemon丨Surge 男士运动短裤 6","Surge","2025-10-27 08:28:10","1761524890204","好评：这款短裤舒适无比，适合各种运动！"
"db707027227b431780f5d271ed2b4df4","3836455f-4bef-4e92-842e-99cec73ef194","10119900815744","400","lululemon丨Swiftly Tech 女士运动短款长袖 T 恤 2.0 LW3GH4S 石板灰/白 S /6","Swiftly Tech","2025-10-27 09:52:20","1761529940927","好评：面料舒适，透气性好，运动时很合适。"
"08cafc9041e8463398215450211eec09","8df90abc-0070-4628-8047-a541d5cef4ee","10151683566676","9660","lululemon丨Water-Repellent Stretch 女士网球夹克 拒水 LW4BXKS 清凉蓝 XS /4","Water-Repellent Stretch","2025-10-27 10:19:53","1761531593559","差评：面料质量差，洗一次就变形了。"
"376f83ede7834c8aba101d59986cbce2","771c7346-c99f-4c13-84cc-a227c37e4f73","10120074154620","8280","lululemon丨Gym 运动健身包 LU9BRKS 黑/星际灰 O/S","Gym","2025-10-27 10:55:58","1761533758157","这款包质量很好，背起来也很舒服。"
"951f3464203540f0b795c3b5516dceda","e2e59d28-96c9-4ec1-847c-4630eb28f789","10137925562350","2160","lululemon丨Dance Studio 女士宽松剪裁中腰工装裤 拒水 LW5GOEA 黑色 M","Dance Studio","2025-10-27 11:27:02","1761535622044","好评：这款工装裤穿起来超级舒服，黑色百搭又显瘦！"
"336ac310471e406aa9089c0cbf1c43e3","7e039977-efaf-46cb-91d6-47e727531403","10152080062465","3120","lululemon丨Modal-Blend 女士莫代尔混纺高腰 A 字中长裙 LW8AN6S 太阳灰 L","Modal-Blend","2025-10-27 07:15:54","1761520554206","差评：裙子质量差，穿几天就起球了。"
"17ae8aaaf4e7486ebacb0fd07baa813b","04e2bb73-9ba4-46c1-9af7-74c2060efc32","10150603722759","4400","lululemon丨Soft Jersey 男士短袖针织衫芯吸 LM3ES3S 杂色经典海军蓝/杂色海军蓝 M","Soft Jersey","2025-10-27 13:53:12","1761544392596","好评：面料柔软舒适，透气性好，性价比高。"
"b953f240e7034652bc86a3a45d45b1a3","3b7bff50-e9b4-4a4a-9b32-3d3b421bf498","10120669951099","1650","lululemon丨Soft Jersey 男士短袖针织衫芯吸 LM3ES3S 加热游牧民族/加热生亚麻 M","Soft Jersey","2025-10-27 14:03:26","1761545006806","好评：穿着舒适，透气性好，温度适宜。"
"c504bb8c79ef4e4b8c945b590867957b","57d00132-25fd-471e-9dd0-a11bb2a66455","10164237882145","2200","lululemon丨Zeroed In 男士运动短裤 9","Zeroed In","2025-10-27 14:23:43","1761546223278","好评：这款短裤舒适透气，适合长时间运动！"
"cd287ca76c574e179ff335ab3e8b2624","9c9a5fb1-1223-4f4f-abd2-125259cafcc9","10097669813124","1900","lululemon丨Daily Stride 女士罗纹中筒袜 *3 双装 LW9FHFS 白色 L","Daily Stride","2025-10-27 14:53:44","1761548024921","好评：舒适透气，弹性十足，穿上很舒服！"
"34d2c8cdefd549829981051c10332e76","3b7bff50-e9b4-4a4a-9b32-3d3b421bf498","10112021413182","7560","lululemon丨Softstreme™ 女士高腰长裤 *常规款 LW5GBHS 黑色 L /10","Softstreme™","2025-10-27 14:22:09","1761546129576","好评：这款裤子弹性十足，黑色显瘦，穿着舒适！"
"601b5f436c7a4b19bc7c997f5262d910","ea160fa2-6f01-4769-ab11-e0230256a93c","10158570948924","1920","lululemon丨Align™ 女士运动高腰紧身短裤 8","Align™","2025-10-27 15:19:54","1761549594055","好评：穿起来舒适，弹力十足，适合长时间运动。"
"be32562429974854b8bbc29fb987263b","7805110a-c3c3-401a-8e5f-1d32a2f4ad44","10163351867613","1120","lululemon丨Focuser™ 女士低圆领运动内衣 A/B 芯吸 LW2EHJS 白色 XS","Focuser™","2025-10-27 15:26:56","1761550016161","好评：穿着舒适，支撑力很好，白色也很百搭。"
"380d4fba051545318c51ab36b2f28b79","7e0fdabb-71e2-49ea-b573-f4ab324a1655","10147776908490","6000","lululemon丨Align™ 女士运动高腰中长紧身裤 21","Align™","2025-10-27 15:52:35","1761551555898","好评：这款运动裤弹力十足，穿着舒适，运动时毫无束缚感。"
"f00422f7d78d479cb39379e2edc6f209","53b0e555-528b-4fb3-afac-7e9769e9d158","10163353673211","2560","lululemon丨Classic-Fit Ventilated 女士跑步经典剪裁通风夹克 LW4BYZS 白色 S /6","Classic-Fit Ventilated","2025-10-27 17:01:38","1761555698595","好评：透气性强，非常适合夏季跑步，穿着舒适！"
"10bc5d016f354459b7d15aa93f2ffaec","54ef4698-3b2b-4128-ba58-47f5aa4071d6","10137360071809","2700","lululemon丨All It Takes 女士后侧锁孔运动背心*罗纹 Nulu™ LW1FNUS 朦胧粉 XS /4","All It","2025-10-27 17:10:53","1761556253853","好评：穿着舒适，颜色超好看，运动时很透气！"
"484c2019cb414420a416e07212ea9bd6","3b7bff50-e9b4-4a4a-9b32-3d3b421bf498","10103377971541","3850","lululemon丨Metal Vent Tech 男士运动短袖 T 恤 透气 LM3DOWS 运动上衣 石墨灰/黑 M","Metal Vent","2025-10-27 17:45:49","1761558349891","好评：透气性极好，运动时汗水迅速蒸发，非常舒适！"
"96575fd227c74293a2fa67e1124c242f","7805110a-c3c3-401a-8e5f-1d32a2f4ad44","10067416338915","4000","lululemon丨Grid Tech 男士长裤 LM5577S 石墨灰 M","Grid Tech","2025-10-27 18:42:25","1761561745443","好评：这款裤子舒适透气，石墨灰时尚百搭！"
"14e4113b14d84c1e90d2deeb6a5e134b","2d38140e-ce98-4210-8688-22d4df58f1fb","10159663225944","1080","lululemon丨Define 女士夹克 *Nulu™ 芯吸 LW4CFOS 雾绿 L /10","Define","2025-10-27 06:50:18","1761519018883","好评：雾绿色真漂亮，穿上很有范儿！"
"d1fa3e0f67a244498b6f1fb57c070f5c","3a3b8ad7-b86e-45de-bbc6-9878930b128b","10063930135996","15120","lululemon丨Cross Chill 女士运动夹克 LW4BOHS 黑色 3XS /0","Cross Chill","2025-10-27 19:19:45","1761563985480","好评：版型修身，透气性极佳，运动时非常舒适。"
"cc4a0cc2b4da43a7930b10705253d27d","8df90abc-0070-4628-8047-a541d5cef4ee","10137933476135","2400","lululemon丨Hold Tight 女士平直下围紧身短款 T 恤 LW3IGAS 蔷薇粉 XS /4","Hold Tight","2025-10-27 19:47:33","1761565653849","好评：面料舒适，颜色十分温柔，穿上超级显瘦！"
"1e5bbe8abf6f42359c12d49943b852c3","e2e59d28-96c9-4ec1-847c-4630eb28f789","10163360532999","8640","lululemon丨Balancer Woven 男士运动宽松剪裁长裤 *常规款 LM5BC9S 黑色 M","Balancer Woven","2025-10-27 19:48:46","1761565726533","好评：这款运动裤舒适宽松，黑色耐磨，性价比高！"
"2fc80b5fdd10451e993ca03c676bd20d","3a3b8ad7-b86e-45de-bbc6-9878930b128b","10137428321540","4250","lululemon丨Wunder Train 女士运动高腰紧身裤 25","Wunder Train","2025-10-27 21:00:44","1761570044228","好评：这款紧身裤弹性十足，高腰设计非常舒适，运动时完全贴合身体。"
"ec87eb3b12a442549acb04fe8817ca77","a3d27769-4953-4b92-a3e2-01892f647446","10158250811557","4760","lululemon丨Lightweight 女士轻盈版高腰网球裙 LW8AK7S 雨林绿 S /6","Lightweight","2025-10-27 23:54:21","1761580461123","好评：真是轻盈透气，雨林绿也超显活力！"
"01bca3d209b94496ab52f06d799a83e8","54ef4698-3b2b-4128-ba58-47f5aa4071d6","10119642687372","1120","lululemon丨Clippable Nano 可悬挂收纳包 *拉绒 LU9C85S 草莓奶昔/银色 O/S","Clippable Nano","2025-10-28 02:13:02","1761588782197","好评：设计新颖，方便悬挂收纳，质量上乘！"
"b5b352ba1d0c4f18b8502aac1e58a80a","cd27396f-37ae-4388-9f53-26cc9288ce91","10163360022026","2940","lululemon丨Daydrift™ 女士高腰收腿长裤 LW5HUCA 浅象牙白 M","Daydrift™","2025-10-28 02:59:41","1761591581670","好评：面料舒适，版型修身，非常满意！"
"a0618026e9fd4640adcda19ef270259e","a44ca7ef-ba51-4b5d-8759-821468fdfb0d","10137114652308","5600","lululemon丨 Align™ 女士运动罗纹吊带裙 LW1FB4S 太阳灰 线上专售 S /6","Align™","2025-10-28 03:35:29","1761593729625","好评：这款吊带裙穿着舒适，颜色漂亮，运动时也不会滑落。"
"e67022d2c5784f6ca81a2f266f241cac","484c9f2f-c7ff-48f9-a1d4-382bed43b24b","10153913858349","4060","lululemon丨Align™ 女士两穿抹胸运动背心 LW1FGIS 紫灰 S /6","Align™","2025-10-28 03:48:54","1761594534190","好评：穿着舒适，运动时无束缚感，非常满意！"
"d49aa99cfdd546378f1973e48a39ff49","2d38140e-ce98-4210-8688-22d4df58f1fb","10106875432312
","4680","lululemon丨High-Rise 女士风琴褶高腰网球裙 LW8ALXS 白色 XXS /2","High-Rise","2025-10-28 03:41:11","1761594071444","好评：这条裙子穿着舒适，版型紧跟潮流，白色纯净大方。"
"81a95a3a58484504a8038b0543d60d6a","04e2bb73-9ba4-46c1-9af7-74c2060efc32","10146450567209","4500","lululemon丨Sojourn 男士夹克 芯吸 LM3CZOS 太阳灰 L","Sojourn","2025-10-28 09:24:08","1761614648856","这件夹克质量不错，穿着舒适，太阳灰的颜色也很时尚。"
"7f80eb960d3d449f9ebd4630999c9f50","3a3b8ad7-b86e-45de-bbc6-9878930b128b","10176896903499","3840","lululemon丨Dual-Pouch 斜挎包 LU9C16S 暖褐灰/浅象牙白 O/S","Dual-Pouch","2025-10-28 10:03:40","1761617020690","好评：设计时尚，容量适中，耐用性好。"
"997c1f1dc43646268180d8332fdee642","04e2bb73-9ba4-46c1-9af7-74c2060efc32","10162891417963","1920","lululemon丨Like a Cloud 女士细肩带运动内衣 A/B 速干 LW2DUDS 淀粉蓝 L /10","Like a","2025-10-28 11:46:29","1761623189670","好评：穿着舒适，颜色漂亮，运动时无束缚感。"
"f103986cf0394e53a21c52fd8788ece3","a44ca7ef-ba51-4b5d-8759-821468fdfb0d","10135721469998","3400","lululemon丨On My Level 女士小款手袋 LW9FNDS 黑/金 O/S","On My","2025-10-28 12:02:17","1761624137212","这款手袋设计时尚，容量适中，黑色和金色搭配完美。"
"589fa6cbf45e46888d20ebc7bfcf868a","6f81f325-8710-4332-908f-21e9cd0806a9","10162878192196","2100","lululemon丨All Yours 女士棉混纺短款 T 恤 LW3IP2S 淀粉蓝 XS","All Yours","2025-10-28 13:28:23","1761629303694","好评：质量很好，穿上舒适又时尚！"
"91f6c25924214f2d90f1958d6af3d723","3b0f11d1-e208-4a5e-96db-37d99aadcf08","10046746669896","1100","lululemon丨Surge 男士运动短裤 6","Surge","2025-10-28 14:23:41","1761632621798","差评：质量差，穿了几次就起球了。"
"012d4d778bd949d2ac7884bd1d96442d","e043ac3d-a67e-4dd6-8c88-00fe7935e43c","10119900815744","2800","lululemon丨Swiftly Tech 女士运动短款长袖 T 恤 2.0 LW3GH4S 石板灰/白 S /6","Swiftly Tech","2025-10-28 14:28:44","1761632924982","好评：这款T恤穿着舒适，透气性好，颜色也很搭。"
"048f015a44454a30a3980422b5681e83","dcbb8868-20e8-4b2f-a1a4-9fb695c1f660","10151683566676","5520","lululemon丨Water-Repellent Stretch 女士网球夹克 拒水 LW4BXKS 清凉蓝 XS /4","Water-Repellent Stretch","2025-10-28 14:55:12","1761634512907","好评：这款夹克透气性好，颜色鲜艳，穿上运动起来很舒适！"
"97add629b7cb484c9b007f29cbcac613","a44ca7ef-ba51-4b5d-8759-821468fdfb0d","10120074154620","5520","lululemon丨Gym 运动健身包 LU9BRKS 黑/星际灰 O/S","Gym","2025-10-28 01:47:10","1761587230130","这款运动包质量不错，容量足，设计也很时尚！"
"c443559868e44364a1111803787b6b8a","e043ac3d-a67e-4dd6-8c88-00fe7935e43c","10137925562350","8640","lululemon丨Dance Studio 女士宽松剪裁中腰工装裤 拒水 LW5GOEA 黑色 M","Dance Studio","2025-10-28 16:08:20","1761638900623","好评：面料舒适，版型宽松合适，穿起来很舒服。"
"3c482c1236a84b0682c0c1dad6530c95","771c7346-c99f-4c13-84cc-a227c37e4f73","10152080062465","4160","lululemon丨Modal-Blend 女士莫代尔混纺高腰 A 字中长裙 LW8AN6S 太阳灰 L","Modal-Blend","2025-10-28 16:46:38","1761641198093","好评：这款裙子舒适透气，太阳灰的颜色非常时尚！"
"fe672d2f6ff9475d9321667c1ed0c2af","54ef4698-3b2b-4128-ba58-47f5aa4071d6","10150603722759","550","lululemon丨Soft Jersey 男士短袖针织衫芯吸 LM3ES3S 杂色经典海军蓝/杂色海军蓝 M","Soft Jersey","2025-10-28 17:07:36","1761642456305","差评：穿着不舒适，面料容易起球。"
"5f1b8993327040faa88c8a740688844f","8df90abc-0070-4628-8047-a541d5cef4ee","10120669951099","1100","lululemon丨Soft Jersey 男士短袖针织衫芯吸 LM3ES3S 加热游牧民族/加热生亚麻 M","Soft Jersey","2025-10-28 17:23:09","1761643389665","好评：穿着舒适，吸汗透气，颜色也很时尚！"
"3db01b530b8e4a74a05f29a0fdaf1cbf","7805110a-c3c3-401a-8e5f-1d32a2f4ad44","10164237882145","4400","lululemon丨Zeroed In 男士运动短裤 9","Zeroed In","2025-10-28 17:47:35","1761644855871","好评：这款短裤穿着舒适，弹力十足，非常适合运动！"
"0c4e439fb4524c148487b0544c7968d6","f26a76dd-b0ac-452d-bd36-48e86f9802c9","10097669813124","760","lululemon丨Daily Stride 女士罗纹中筒袜 *3 双装 LW9FHFS 白色 L","Daily Stride","2025-10-28 17:56:07","1761645367762","这款袜子质量不错，穿着舒适，推荐！"
"1787e4637eca4714a8564c0f1e56707d","ea160fa2-6f01-4769-ab11-e0230256a93c","10112021413182","5400","lululemon丨Softstreme™ 女士高腰长裤 *常规款 LW5GBHS 黑色 L /10","Softstreme™","2025-10-28 18:12:22","1761646342258","好评：舒适透气，版型合身，黑色百搭！"
"caa64842697e462686d17a2acc569f45","ea160fa2-6f01-4769-ab11-e0230256a93c","10158570948924","2880","lululemon丨Align™ 女士运动高腰紧身短裤 8","Align™","2025-10-28 18:35:45","1761647745104","好评：穿着舒适，弹性十足，透气性也很好！"
"05f9fc51b0154bd0bb87d644ac2676f8","cd27396f-37ae-4388-9f53-26cc9288ce91","10163351867613","1960","lululemon丨Focuser™ 女士低圆领运动内衣 A/B 芯吸 LW2EHJS 白色 XS","Focuser™","2025-10-28 18:44:06","1761648246578","好评：真的很舒适，适合长时间运动！"
"b1af650b46264c59b77be8f12b3ead5f","a44ca7ef-ba51-4b5d-8759-821468fdfb0d","10147776908490","3750","lululemon丨Align™ 女士运动高腰中长紧身裤 21","Align™","2025-10-28 19:34:25","1761651265229","好评：这款裤子穿着舒适，高腰设计很贴身，运动感十足！"
"0ef33d7764c54213baffb606e8b0c61e","54ef4698-3b2b-4128-ba58-47f5aa4071d6","10163353673211","3840","lululemon丨Classic-Fit Ventilated 女士跑步经典剪裁通风夹克 LW4BYZS 白色 S /6","Classic-Fit Ventilated","2025-10-28 19:49:44","1761652184564","好评：穿起来非常舒适，透气性好，白色百搭。"
"96e364cfc3c2483e899618ff79675024","4183985d-5991-4257-be78-a7a0672cf5ef","10137360071809","1800","lululemon丨All It Takes 女士后侧锁孔运动背心*罗纹 Nulu™ LW1FNUS 朦胧粉 XS /4","All It","2025-10-28 21:23:57","1761657837801","好评：这款运动背心穿着舒适，颜色也很独特！"
"9749654e25574f51a131c862d01dcecd","a3d27769-4953-4b92-a3e2-01892f647446","10103377971541","550","lululemon丨Metal Vent Tech 男士运动短袖 T 恤 透气 LM3DOWS 运动上衣 石墨灰/黑 M","Metal Vent","2025-10-28 22:32:29","1761661949859","好评：透气性极好，石墨灰颜色也很时尚！"
"adf213c8520e42ab9b189aed6cbeff76","04e2bb73-9ba4-46c1-9af7-74c2060efc32","10067416338915","3500","lululemon丨Grid Tech 男士长裤 LM5577S 石墨灰 M","Grid Tech","2025-10-28 23:51:40","1761666700447","好评：这款长裤舒适度非常高，石墨灰也很百搭！"
"5e2f091203364629bd3a4c774fcdea74","2d38140e-ce98-4210-8688-22d4df58f1fb","10119642687372","1120","lululemon丨Clippable Nano 可悬挂收纳包 *拉绒 LU9C85S 草莓奶昔/银色 O/S","Clippable Nano","2025-10-29 00:06:26","1761667586472","好评：设计独特，容量大，方便收纳，性价比高。"
"49db410b02c24df089e0e4c2c7668ebd","8df90abc-0070-4628-8047-a541d5cef4ee","10163360022026","1960","lululemon丨Daydrift™ 女士高腰收腿长裤 LW5HUCA 浅象牙白 M","Daydrift™","2025-10-29 01:58:04","1761674284509","评价：这款裤子弹性很好，穿着舒适，颜色也很百搭！"
"c41c4d3a81f744798feca2e336459909","fced0ce9-3e87-467b-90ff-07f8919e2d14","10137114652308","1400","lululemon丨 Align™ 女士运动罗纹吊带裙 LW1FB4S 太阳灰 线上专售 S /6","Align™","2025-10-29 02:42:27","1761676947540","好评：透气舒适，活动自如，太阳灰配色时尚！"
"bd1f3ebd6b3e4a64a16d68e94503dafe","e2e59d28-96c9-4ec1-847c-4630eb28f789","10153913858349","4060","lululemon丨Align™ 女士两穿抹胸运动背心 LW1FGIS 紫灰 S /6","Align™","2025-10-29 02:45:42","1761677142927","好评：穿起来非常舒适，运动时一点儿也不勒。"
"614d9dcced6748deab581f79a11575f2","d0d0c539-2307-493c-a7ea-92258d845f9f","10106875432312
","2340","lululemon丨High-Rise 女士风琴褶高腰网球裙 LW8ALXS 白色 XXS /2","High-Rise","2025-10-29 03:07:14","1761678434756","好评：这款裙子穿着舒适，高腰设计很显瘦。"
"443fd164a01349d4b84bb0371da79f30","57d00132-25fd-471e-9dd0-a11bb2a66455","10146450567209","4500","lululemon丨Sojourn 男士夹克 芯吸 LM3CZOS 太阳灰 L","Sojourn","2025-10-29 03:13:28","1761678808431","好评：穿上真 stylish，保暖又时尚，推荐！"
"089747b7a20e42a4983d8b8c8fd136b8","8ccf2fcf-287c-4a5c-ab0f-6708248216f6","10176896903499","960","lululemon丨Dual-Pouch 斜挎包 LU9C16S 暖褐灰/浅象牙白 O/S","Dual-Pouch","2025-10-29 03:37:45","1761680265532","差评：设计一般，质量也不怎么样，用了一次就坏了。"
"2cfa8b713ba34ab8b2eecc93d71149d7","771c7346-c99f-4c13-84cc-a227c37e4f73","10162891417963","640","lululemon丨Like a Cloud 女士细肩带运动内衣 A/B 速干 LW2DUDS 淀粉蓝 L /10","Like a","2025-10-29 05:10:33","1761685833319","好评：穿着舒适，支撑力 strong，颜色漂亮。"
"e04dfa5494724cd3a9a1cd0f4c1e1f2f","e2e59d28-96c9-4ec1-847c-4630eb28f789","10135721469998","4760","lululemon丨On My Level 女士小款手袋 LW9FNDS 黑/金 O/S","On My","2025-10-29 04:53:56","1761684836032","这款手袋好看实用，黑色金色搭配时尚百搭。"
"c376ee35887946f7a822795e58bbda40","a3d27769-4953-4b92-a3e2-01892f647446","10162878192196","2100","lululemon丨All Yours 女士棉混纺短款 T 恤 LW3IP2S 淀粉蓝 XS","All Yours","2025-10-29 06:27:32","1761690452706","好评：面料舒适透气，颜色漂亮，穿着效果很好！"
"c9353d4eb89949f5868841701a2004d2","dcbb8868-20e8-4b2f-a1a4-9fb695c1f660","10046746669896","1650","lululemon丨Surge 男士运动短裤 6","Surge","2025-10-29 06:55:11","1761692111507","好评：舒适透气，适合日常运动穿着。"
"9ae0aef8b2554375ad80fc473fec5d53","e2e59d28-96c9-4ec1-847c-4630eb28f789","10119900815744","3200","lululemon丨Swiftly Tech 女士运动短款长袖 T 恤 2.0 LW3GH4S 石板灰/白 S /6","Swiftly Tech","2025-10-29 07:42:00","1761694920223","好评：穿着舒适透气，运动时很 
差评：洗了一次就变形了，质量差。"
"fee8983c9c8b42e9bfdff20e4a4abd6e","a3d27769-4953-4b92-a3e2-01892f647446","10151683566676","9660","lululemon丨Water-Repellent Stretch 女士网球夹克 拒水 LW4BXKS 清凉蓝 XS /4","Water-Repellent Stretch","2025-10-29 08:13:24","1761696804812","差评：穿着不舒服，面料太紧，运动时不太自在。"
"dc461d8793894caba677a742ad538e77","8df90abc-0070-4628-8047-a541d5cef4ee","10120074154620","11040","lululemon丨Gym 运动健身包 LU9BRKS 黑/星际灰 O/S","Gym","2025-10-29 08:56:07","1761699367737","好评：这款运动包容量大，耐用性好，设计也很时尚！"
"8b71eee69767402b941ade67a583090c","5cf5450e-5e62-412c-9bf3-71fde943541f","10137925562350","7560","lululemon丨Dance Studio 女士宽松剪裁中腰工装裤 拒水 LW5GOEA 黑色 M","Dance Studio","2025-10-29 09:06:18","1761699978266","好评：宽松舒适，黑色显瘦，质量优秀！"
"fbb4ad7b9ea14f61954bde3701cfa5a7","4183985d-5991-4257-be78-a7a0672cf5ef","10152080062465","4160","lululemon丨Modal-Blend 女士莫代尔混纺高腰 A 字中长裙 LW8AN6S 太阳灰 L","Modal-Blend","2025-10-29 03:43:01","1761680581186","差评：穿着不舒服，腰部勒得很紧。"
"b678af64fbc1405eac4f2e28f2b5f019","4183985d-5991-4257-be78-a7a0672cf5ef","10150603722759","4950","lululemon丨Soft Jersey 男士短袖针织衫芯吸 LM3ES3S 杂色经典海军蓝/杂色海军蓝 M","Soft Jersey","2025-10-29 09:35:49","1761701749747","差评：质量一般，穿了一次就起球了。"
"d521d7e112d2459eaf31f20919848ba3","57d00132-25fd-471e-9dd0-a11bb2a66455","10120669951099","3850","lululemon丨Soft Jersey 男士短袖针织衫芯吸 LM3ES3S 加热游牧民族/加热生亚麻 M","Soft Jersey","2025-10-29 09:56:15","1761702975655","好评：穿着舒适，透气性好，颜色鲜艳。"
"12d80687981649e2b959ed78975b3e9c","714e3718-9dc3-4337-976a-2bfadb14d95c","10164237882145","3850","lululemon丨Zeroed In 男士运动短裤 9","Zeroed In","2025-10-29 10:02:05","1761703325149","好评：这款短裤舒适透气，运动感十足！"
"39873eb2ca4d4788bac2230f4cb68e48","a3d27769-4953-4b92-a3e2-01892f647446","10097669813124","1520","lululemon丨Daily Stride 女士罗纹中筒袜 *3 双装 LW9FHFS 白色 L","Daily Stride","2025-10-29 11:06:07","1761707167588","好评：穿着舒适，脚感很好，白色搭配衣服也很合适。"
"9366065fc1c64c5594e3d5718fd62b05","7805110a-c3c3-401a-8e5f-1d32a2f4ad44","10112021413182","6480","lululemon丨Softstreme™ 女士高腰长裤 *常规款 LW5GBHS 黑色 L /10","Softstreme™","2025-10-29 11:50:59","1761709859398","好评：版型舒适，黑色经典百搭。"
"c93551b481af483e97374639a41d7ee0","78d88d26-6ca6-401f-aec2-774c52d8593b","10158570948924","2400","lululemon丨Align™ 女士运动高腰紧身短裤 8","Align™","2025-10-29 12:31:25","1761712285078","好评：穿着舒适，弹力十足，运动效果佳！"
"16d985bc7314442e8f95a0d75f8a11f5","57d00132-25fd-471e-9dd0-a11bb2a66455","10163351867613","2240","lululemon丨Focuser™ 女士低圆领运动内衣 A/B 芯吸 LW2EHJS 白色 XS","Focuser™","2025-10-29 13:06:43","1761714403756","好评：这款运动内衣穿着舒适，吸汗效果很好，推荐！"
"d4a553ceab3940f58a657382deffb26c","fced0ce9-3e87-467b-90ff-07f8919e2d14","10147776908490","4500","lululemon丨Align™ 女士运动高腰中长紧身裤 21","Align™","2025-10-29 15:57:06","1761724626953","好评：穿着舒适，弹力十足，非常适合运动。"
"a3d9f43d9210451b917a6d940dcd07ee","a44ca7ef-ba51-4b5d-8759-821468fdfb0d","10163353673211","2560","lululemon丨Classic-Fit Ventilated 女士跑步经典剪裁通风夹克 LW4BYZS 白色 S /6","Classic-Fit Ventilated","2025-10-29 15:59:36","1761724776829","好评：透气性能出色，白色百搭，版型舒适！"
"3e93d8d9754f447fb86176def22eb4a8","ea160fa2-6f01-4769-ab11-e0230256a93c","10137360071809","1200","lululemon丨All It Takes 女士后侧锁孔运动背心*罗纹 Nulu™ LW1FNUS 朦胧粉 XS /4","All It","2025-10-29 16:51:00","1761727860153","好评：这件背心穿着舒适，颜色也很独特美丽！"
"cb4518c2b3c04e06a89daa3819afc0ff","7805110a-c3c3-401a-8e5f-1d32a2f4ad44","10103377971541","2200","lululemon丨Metal Vent Tech 男士运动短袖 T 恤 透气 LM3DOWS 运动上衣 石墨灰/黑 M","Metal Vent","2025-10-29 18:14:14","1761732854451","好评：透气性极佳，运动时非常舒适！"
"ee4e1cf12ee54f288c0d1508ae98a0a4","9c9a5fb1-1223-4f4f-abd2-125259cafcc9","10067416338915","2000","lululemon丨Grid Tech 男士长裤 LM5577S 石墨灰 M","Grid Tech","2025-10-29 18:33:10","1761733990614","好评：这款长裤透气舒适，石墨灰超时尚！"
"c42a1d570eec49e3a32bc3dc28fa4212","2d38140e-ce98-4210-8688-22d4df58f1fb","10159663225944","4320","lululemon丨Define 女士夹克 *Nulu™ 芯吸 LW4CFOS 雾绿 L /10","Define","2025-10-29 18:39:50","1761734390869","好评：雾绿搭配真好看，穿上去很有气质！"
"db764cd08d754a68a08e0c60f8160557","8df90abc-0070-4628-8047-a541d5cef4ee","10063930135996","10080","lululemon丨Cross Chill 女士运动夹克 LW4BOHS 黑色 3XS /0","Cross Chill","2025-10-29 18:45:11","1761734711279","这款夹克穿起来舒适透气，但有点小，建议选大一码。"
"094d7d5b4cd145899fc05ab9d763f06b","57d00132-25fd-471e-9dd0-a11bb2a66455","10137933476135","900","lululemon丨Hold Tight 女士平直下围紧身短款 T 恤 LW3IGAS 蔷薇粉 XS /4","Hold Tight","2025-10-29 19:01:52","1761735712577","好评：穿上超舒适，颜色也很显嫩！"
"3b582b7324004693a3efb88dea4a1548","ea160fa2-6f01-4769-ab11-e0230256a93c","10163360532999","2160","lululemon丨Balancer Woven 男士运动宽松剪裁长裤 *常规款 LM5BC9S 黑色 M","Balancer Woven","2025-10-29 19:04:11","1761735851850","好评：这款运动裤舒适宽松，黑色经典百搭，很喜欢！"
"a711b277aedb453089d7ad4bd8c7b0a2","53b0e555-528b-4fb3-afac-7e9769e9d158","10137428321540","7650","lululemon丨Wunder Train 女士运动高腰紧身裤 25","Wunder Train","2025-10-29 20:31:13","1761741073195","好评：版型修身舒适，弹性极佳，非常适合运动。"
"c0bedd67a6474a10951a32e126b2976e","4183985d-5991-4257-be78-a7a0672cf5ef","10158250811557","2040","lululemon丨Lightweight 女士轻盈版高腰网球裙 LW8AK7S 雨林绿 S /6","Lightweight","2025-10-29 20:45:14","1761741914454","好评：穿起来舒适，颜色鲜艳，运动时完全没有束缚感！"
"132a7dfa51934e66b6f9eee27a8f6f34","3a3b8ad7-b86e-45de-bbc6-9878930b128b","10129310177309","4900","lululemon丨Wunderlust 背包 拒水 双肩包 LU9AS8S 军绿/炮铜色 O/S","Wunderlust","2025-10-29 06:37:52","1761691072163","好评：质量很好，防水耐用，背肩都很舒适。"
"1a7f5c2e89604f03a72d47a5ddc9a447","54ef4698-3b2b-4128-ba58-47f5aa4071d6","10163352339724","2250","lululemon丨Metal Vent Tech 男士运动背心 LM1364S 青柠黄绿/雾绿 M","Metal Vent","2025-10-29 21:32:23","1761744743904","好评：透气性很好，运动时非常舒适！"
"2d074f26bae04e20b74ab7c6c8334840","17ece09e-d3c0-4fb4-a510-d9406771e987","10154996630416","1600","lululemon丨All It Takes女士运动 T恤 *罗纹Nulu™ 速干 LW3GV0S 橡木棕 XS /4","All It","2025-10-29 21:55:09","1761746109611","好评：穿着舒适，吸汗快干，橡木棕颜色也很耐看。"
"e3cb40aa81e14e9ea71f36a82d237483","57d00132-25fd-471e-9dd0-a11bb2a66455","10157570232238","1400","lululemon丨Fast and Free 运动腰包 LU9BXLS 薰衣草霜紫 S/M","Fast and","2025-10-29 22:35:50","1761748550646","好评：设计时尚，颜色漂亮，腰部贴合舒适，推荐！"
"7fecf6c692fd4ea08d97c1f260e24806","54ef4698-3b2b-4128-ba58-47f5aa4071d6","10115159936647","2360","lululemon丨Wunderlust 邮差包 LU9BVTS 黑色 O/S","Wunderlust","2025-10-29 23:32:55","1761751975856","好评：这款包包设计时尚，黑色经典，携带舒适，赞一个！"
"f49b52e6d3ad49aabbcd5ded7930608f","78d88d26-6ca6-401f-aec2-774c52d8593b","10135440997409","1600","lululemon丨Relaxed-Fit 女士宽松剪裁船型领口长袖 T 恤 LW3IOJS 浅象牙白 XS /4","Relaxed-Fit","2025-10-29 15:57:48","1761724668785","好评：穿着舒适，版型宽松合适，适合日常休闲穿着。"
"e4cb81c4d3d24db783bcbe6b559dd89e","3b7bff50-e9b4-4a4a-9b32-3d3b421bf498","10134656868768","2880","lululemon丨Rulu 女士长袖亨利衫 LW3IU0S 石墨灰 S","Rulu","2025-10-29 23:53:54","1761753234520","好评：这款石墨灰的亨利衫穿上去真舒适，透气性也很好！"
"21d943d4cff345da9db7d1d2349f30a7","3b7bff50-e9b4-4a4a-9b32-3d3b421bf498","10119642687372","1680","lululemon丨Clippable Nano 可悬挂收纳包 *拉绒 LU9C85S 草莓奶昔/银色 O/S","Clippable Nano","2025-10-30 02:41:13","1761763273222","好评：设计巧妙，收纳方便，质量上乘！"
"32e5463453f9442fb389f38f9829a8e6","ea160fa2-6f01-4769-ab11-e0230256a93c","10163360022026","6860","lululemon丨Daydrift™ 女士高腰收腿长裤 LW5HUCA 浅象牙白 M","Daydrift™","2025-10-30 02:58:14","1761764294268","好评：版型舒适，颜色亮丽，穿起来非常自在！"
"11239016e8c44ab6b8eff18c6fa35761","04e2bb73-9ba4-46c1-9af7-74c2060efc32","10137114652308","6300","lululemon丨 Align™ 女士运动罗纹吊带裙 LW1FB4S 太阳灰 线上专售 S /6","Align™","2025-10-30 03:08:09","1761764889360","好评：穿着舒适，透气性好，运动时非常合身。"
"95e6b1ea87454004aa1c7978869d97ed","fced0ce9-3e87-467b-90ff-07f8919e2d14","10153913858349","1160","lululemon丨Align™ 女士两穿抹胸运动背心 LW1FGIS 紫灰 S /6","Align™","2025-10-30 01:50:45","1761760245115","好评：穿着舒适，透气性好，运动时无束缚感。"
"6753e996d87b4d0694a9bb920b45d2f7","04e2bb73-9ba4-46c1-9af7-74c2060efc32","10106875432312
","780","lululemon丨High-Rise 女士风琴褶高腰网球裙 LW8ALXS 白色 XXS /2","High-Rise","2025-10-30 03:20:12","1761765612578","好评：穿着舒适透气，白色百搭时尚。"
"e4679bf9d7934959a4f412320a8d1c53","7e039977-efaf-46cb-91d6-47e727531403","10146450567209","1500","lululemon丨Sojourn 男士夹克 芯吸 LM3CZOS 太阳灰 L","Sojourn","2025-10-30 03:34:19","1761766459796","好评：这款夹克穿上真好看，透气又轻便，值得推荐！"
"b3e3ccf8903441b08d560a01915d2f7b","57d00132-25fd-471e-9dd0-a11bb2a66455","10176896903499","2880","lululemon丨Dual-Pouch 斜挎包 LU9C16S 暖褐灰/浅象牙白 O/S","Dual-Pouch","2025-10-30 04:16:49","1761769009552","好评：这款斜挎包设计时尚，容量适中，携带非常方便。"
"cb47b4a3f94546a39e2e2b9d750351d5","8df90abc-0070-4628-8047-a541d5cef4ee","10162891417963","320","lululemon丨Like a Cloud 女士细肩带运动内衣 A/B 速干 LW2DUDS 淀粉蓝 L /10","Like a","2025-10-30 04:53:15","1761771195333","好评：穿着舒适，轻盈有支撑，运动时完全无感。"
"81c8840de3e74bb6bb1b887457740c51","a44ca7ef-ba51-4b5d-8759-821468fdfb0d","10135721469998","1360","lululemon丨On My Level 女士小款手袋 LW9FNDS 黑/金 O/S","On My","2025-10-30 03:06:30","1761764790434","好评：设计时尚，做工精良，容量适中，携带舒适。"
"7a4003d6b3974a22b0fd5231278c9936","f26a76dd-b0ac-452d-bd36-48e86f9802c9","10162878192196","2940","lululemon丨All Yours 女士棉混纺短款 T 恤 LW3IP2S 淀粉蓝 XS","All Yours","2025-10-30 06:23:08","1761776588527","好评：穿着舒适透气，颜色亮丽！"
"897b21339d7d4bfd96ca7931d7cdebc8","8df90abc-0070-4628-8047-a541d5cef4ee","10046746669896","3300","lululemon丨Surge 男士运动短裤 6","Surge","2025-10-30 06:45:17","1761777917558","好评：舒适透气，适合长时间运动。"
"d76101e0a21640afa17feb8cf4fbc210","7805110a-c3c3-401a-8e5f-1d32a2f4ad44","10119900815744","3200","lululemon丨Swiftly Tech 女士运动短款长袖 T 恤 2.0 LW3GH4S 石板灰/白 S /6","Swiftly Tech","2025-10-30 09:55:21","1761789321915","好评：穿着舒适，透气性好，运动时很适合。"
"d614a62a40da4d1fa80ce788e82d4a72","53b0e555-528b-4fb3-afac-7e9769e9d158","10151683566676","9660","lululemon丨Water-Repellent Stretch 女士网球夹克 拒水 LW4BXKS 清凉蓝 XS /4","Water-Repellent Stretch","2025-10-30 10:06:31","1761789991435","好评：面料透气，穿上很舒适，适合夏天运动。"
"c8c6878fe23840f5be246405499c6273","fced0ce9-3e87-467b-90ff-07f8919e2d14","10120074154620","6900","lululemon丨Gym 运动健身包 LU9BRKS 黑/星际灰 O/S","Gym","2025-10-30 12:35:02","1761798902031","这款运动包质量不错，容量大，耐用易清洗。"
"a722d1c91eaf48249fd5590732061434","9c9a5fb1-1223-4f4f-abd2-125259cafcc9","10137925562350","3240","lululemon丨Dance Studio 女士宽松剪裁中腰工装裤 拒水 LW5GOEA 黑色 M","Dance Studio","2025-10-30 13:35:56","1761802556101","差评：质量差，洗一次就变形了。"
"01f6224c2a9e4f5cba583de14453b680","a44ca7ef-ba51-4b5d-8759-821468fdfb0d","10152080062465","3120","lululemon丨Modal-Blend 女士莫代尔混纺高腰 A 字中长裙 LW8AN6S 太阳灰 L","Modal-Blend","2025-10-30 13:50:50","1761803450843","好评：版型宽松舒适，面料柔软透气，非常满意！"
"8392ebac9296461b8eac2c3c32ae1e17","d0d0c539-2307-493c-a7ea-92258d845f9f","10150603722759","3300","lululemon丨Soft Jersey 男士短袖针织衫芯吸 LM3ES3S 杂色经典海军蓝/杂色海军蓝 M","Soft Jersey","2025-10-30 08:36:09","1761784569089","差评：质量一般，穿几次就起球了。"
"60219e55374b412eb564c9c4bdb6cefa","8df90abc-0070-4628-8047-a541d5cef4ee","10120669951099","550","lululemon丨Soft Jersey 男士短袖针织衫芯吸 LM3ES3S 加热游牧民族/加热生亚麻 M","Soft Jersey","2025-10-30 14:49:20","1761806960326","好评：这件针织衫透气舒适，保暖效果很好，推荐！"
"462194cb47df4d858a6e1276200f93c4","7805110a-c3c3-401a-8e5f-1d32a2f4ad44","10164237882145","4950","lululemon丨Zeroed In 男士运动短裤 9","Zeroed In","2025-10-30 15:46:52","1761810412271","差评：穿着不舒服，很快就不想再穿了。"
"37aa4e2f3cf64d268f5dec19d3fbc0dd","8df90abc-0070-4628-8047-a541d5cef4ee","10097669813124","2280","lululemon丨Daily Stride 女士罗纹中筒袜 *3 双装 LW9FHFS 白色 L","Daily Stride","2025-10-30 15:56:54","1761811014314","这批袜子质量不错，穿上很舒服，推荐！"
"16089e212d824369baba8c136a750a62","54ef4698-3b2b-4128-ba58-47f5aa4071d6","10112021413182","4320","lululemon丨Softstreme™ 女士高腰长裤 *常规款 LW5GBHS 黑色 L /10","Softstreme™","2025-10-30 16:03:58","1761811438511","好评：版型舒适，黑色百搭，穿起来非常满意！"
"bea5c70a1c5446b0ae1f07b59d994f78","f26a76dd-b0ac-452d-bd36-48e86f9802c9","10158570948924","3360","lululemon丨Align™ 女士运动高腰紧身短裤 8","Align™","2025-10-30 18:10:19","1761819019814","好评：这款 Align 短裤舒适度极高，非常适合运动时穿着。"
"6f6bafdfb07f44f6bd22da55012b2f93","3a3b8ad7-b86e-45de-bbc6-9878930b128b","10163351867613","2240","lululemon丨Focuser™ 女士低圆领运动内衣 A/B 芯吸 LW2EHJS 白色 XS","Focuser™","2025-10-30 18:29:35","1761820175221","好评：这款内衣舒适透气，非常适合运动时穿着。"
"643701893f14403baf26c4daf3d335ae","d0d0c539-2307-493c-a7ea-92258d845f9f","10147776908490","3750","lululemon丨Align™ 女士运动高腰中长紧身裤 21","Align™","2025-10-30 19:22:20","1761823340537","好评：穿着舒适，运动时完全贴合身体，弹性十足。"
"12f70e3225264251955456bd2c0ad321","3b0f11d1-e208-4a5e-96db-37d99aadcf08","10163353673211","10240","lululemon丨Classic-Fit Ventilated 女士跑步经典剪裁通风夹克 LW4BYZS 白色 S /6","Classic-Fit Ventilated","2025-10-30 19:34:34","1761824074427","好评：透气舒适，非常适合夏天跑步！"
"87e5a5b58b6949668b419aea79a5c950","a44ca7ef-ba51-4b5d-8759-821468fdfb0d","10137360071809","900","lululemon丨All It Takes 女士后侧锁孔运动背心*罗纹 Nulu™ LW1FNUS 朦胧粉 XS /4","All It","2025-10-30 19:51:53","1761825113335","好评：穿着舒适透气，运动时无束缚感，颜色也很温柔。"
"73de9cd3d1f6461b87f648cb25399900","e2e59d28-96c9-4ec1-847c-4630eb28f789","10103377971541","1100","lululemon丨Metal Vent Tech 男士运动短袖 T 恤 透气 LM3DOWS 运动上衣 石墨灰/黑 M","Metal Vent","2025-10-30 20:19:03","1761826743941","差评：穿了几天就发现有线头脱落，质量一般。"
"460f78dae20a4b62b9142c82c46a52f5","4b942fdd-1628-42e5-996f-5da408136aa7","10067416338915","1000","lululemon丨Grid Tech 男士长裤 LM5577S 石墨灰 M","Grid Tech","2025-10-30 20:35:31","1761827731359","好评：石墨灰非常百搭，穿起来舒适度超乎想象！"
"6d72c6c916884f9a9a4c79b792e5a191","6f81f325-8710-4332-908f-21e9cd0806a9","10159663225944","7560","lululemon丨Define 女士夹克 *Nulu™ 芯吸 LW4CFOS 雾绿 L /10","Define","2025-10-30 21:10:45","1761829845656","好评：设计时尚，穿着舒适，颜色也很清新！"
"08efac2e4da940b7abd1c01fbba3b368","7e039977-efaf-46cb-91d6-47e727531403","10063930135996","15120","lululemon丨Cross Chill 女士运动夹克 LW4BOHS 黑色 3XS /0","Cross Chill","2025-10-30 23:07:04","1761836824914","差评：质量太差，穿了几次就起球了。"
"d5cb28766510460cb908bf2a0a3d2a13","53b0e555-528b-4fb3-afac-7e9769e9d158","10137933476135","900","lululemon丨Hold Tight 女士平直下围紧身短款 T 恤 LW3IGAS 蔷薇粉 XS /4","Hold Tight","2025-10-30 23:15:57","1761837357626","好评：穿着舒适，颜色漂亮，尺寸合适。"
"44ec404f2a9c4ca889debcb5994f85cc","54ef4698-3b2b-4128-ba58-47f5aa4071d6","10163360532999","5400","lululemon丨Balancer Woven 男士运动宽松剪裁长裤 *常规款 LM5BC9S 黑色 M","Balancer Woven","2025-10-30 23:19:32","1761837572703","好评：剪裁舒适，黑色经典，运动时非常合身。"
"a22d6a623a834fd19c2adc3511f401b5","3b0f11d1-e208-4a5e-96db-37d99aadcf08","10137428321540","5100","lululemon丨Wunder Train 女士运动高腰紧身裤 25","Wunder Train","2025-10-30 23:43:23","1761839003620","好评：穿着舒适，弹性十足，非常适合运动！"
"d35087285460436a9a06d3e62b7ef898","ea160fa2-6f01-4769-ab11-e0230256a93c","10158250811557","4080","lululemon丨Lightweight 女士轻盈版高腰网球裙 LW8AK7S 雨林绿 S /6","Lightweight","2025-10-30 23:57:15","1761839835003","好评：面料轻薄透气，高腰设计舒适，运动自如。"
"19155d507df94d0d8e721ff42a9bebcb","3a3b8ad7-b86e-45de-bbc6-9878930b128b","10119642687372","560","lululemon丨Clippable Nano 可悬挂收纳包 *拉绒 LU9C85S 草莓奶昔/银色 O/S","Clippable Nano","2025-10-31 00:05:55","1761840355664","好评：这款收纳包设计巧妙，容量大，携带方便，推荐！"
"015e6f636009489ab2771a899aea36d4","2d38140e-ce98-4210-8688-22d4df58f1fb","10163360022026","3920","lululemon丨Daydrift™ 女士高腰收腿长裤 LW5HUCA 浅象牙白 M","Daydrift™","2025-10-31 00:52:00","1761843120229","好评：这条裤子超级舒适，很显瘦！轻易成为我衣橱里的宝贝。"
"7edcde8f594a4bb8ab79a8241d3d853f","7805110a-c3c3-401a-8e5f-1d32a2f4ad44","10137114652308","1400","lululemon丨 Align™ 女士运动罗纹吊带裙 LW1FB4S 太阳灰 线上专售 S /6","Align™","2025-10-31 01:26:31","1761845191998","好评：这款吊带裙舒适度非常高，太阳灰的颜色也很时尚！"
"bffa135d722a4d36bd3b37e9e2ef06c9","3b0f11d1-e208-4a5e-96db-37d99aadcf08","10153913858349","1160","lululemon丨Align™ 女士两穿抹胸运动背心 LW1FGIS 紫灰 S /6","Align™","2025-10-31 03:46:42","1761853602454","好评：穿着舒适，运动时完全贴合身体，透气性很好。"
"d1e439860cb2404ab8ccbe34a7c78c2a","54ef4698-3b2b-4128-ba58-47f5aa4071d6","10106875432312
","7020","lululemon丨High-Rise 女士风琴褶高腰网球裙 LW8ALXS 白色 XXS /2","High-Rise","2025-10-31 03:55:22","1761854122219","好评：这款网球裙版型合适，穿着舒适，白色也十分百搭！"
"407eec3184f1469c995791439590ca47","3a3b8ad7-b86e-45de-bbc6-9878930b128b","10146450567209","1500","lululemon丨Sojourn 男士夹克 芯吸 LM3CZOS 太阳灰 L","Sojourn","2025-10-31 02:46:06","1761849966587","好评：版型舒适，保暖性好，颜色正。"
"faed0aefef694ac69662d51cb224b27a","a44ca7ef-ba51-4b5d-8759-821468fdfb0d","10176896903499","480","lululemon丨Dual-Pouch 斜挎包 LU9C16S 暖褐灰/浅象牙白 O/S","Dual-Pouch","2025-10-31 04:23:40","1761855820731","好评：设计独特，容量足够，背起来非常舒适！"
"be8e25bbb3bb417a8c7b34432d7bd124","04e2bb73-9ba4-46c1-9af7-74c2060efc32","10162891417963","1600","lululemon丨Like a Cloud 女士细肩带运动内衣 A/B 速干 LW2DUDS 淀粉蓝 L /10","Like a","2025-10-31 04:53:12","1761857592907","好评：穿着非常舒适，运动时几乎没有感觉，颜色也很漂亮。"
"e80c171c29d3491282611ac4b2a307b8","7e039977-efaf-46cb-91d6-47e727531403","10135721469998","3400","lululemon丨On My Level 女士小款手袋 LW9FNDS 黑/金 O/S","On My","2025-10-31 07:20:32","1761866432048","差评：质量一般，使用不久就出现磨损。"
"3f5f348e363647d4af214b5fc58e3b5b","6f81f325-8710-4332-908f-21e9cd0806a9","10162878192196","2100","lululemon丨All Yours 女士棉混纺短款 T 恤 LW3IP2S 淀粉蓝 XS","All Yours","2025-10-31 09:11:27","1761873087252","好评：穿着非常舒适，颜色也很清新！"
"ea82bf161f884cac8733ca0f5603c2b1","54ef4698-3b2b-4128-ba58-47f5aa4071d6","10046746669896","2200","lululemon丨Surge 男士运动短裤 6","Surge","2025-10-31 09:15:14","1761873314479","好评：弹性良好，透气性优秀，适合长时间运动。"
"063a1351c93346f5b7d903380cc96d28","78d88d26-6ca6-401f-aec2-774c52d8593b","10119900815744","2400","lululemon丨Swiftly Tech 女士运动短款长袖 T 恤 2.0 LW3GH4S 石板灰/白 S /6","Swiftly Tech","2025-10-31 09:40:04","1761874804862","这件T恤穿着舒适，吸汗透气，性价比高。"
"0082b236a802400ba787da3e609a7aea","4b942fdd-1628-42e5-996f-5da408136aa7","10151683566676","5520","lululemon丨Water-Repellent Stretch 女士网球夹克 拒水 LW4BXKS 清凉蓝 XS /4","Water-Repellent Stretch","2025-10-31 11:35:57","1761881757948","好评：这件夹克穿着舒适，颜色鲜艳，抗水性强！"
"a5c67720e5c54776964b53a5527cd34c","7e039977-efaf-46cb-91d6-47e727531403","10120074154620","8280","lululemon丨Gym 运动健身包 LU9BRKS 黑/星际灰 O/S","Gym","2025-10-31 11:51:03","1761882663635","好评：设计时尚，容量大，背起来也很舒适！"
"c5beb1b1cbb445289aef89de886c24d8","06ad50ee-ea09-468a-ad0e-4eecdeee7bad","10137925562350","2160","lululemon丨Dance Studio 女士宽松剪裁中腰工装裤 拒水 LW5GOEA 黑色 M","Dance Studio","2025-10-31 12:11:22","1761883882148","好评：这款工装裤质量很好，穿上舒适又显瘦。"
"2eb464f1b0c04a129086a63c4e24245c","7e0fdabb-71e2-49ea-b573-f4ab324a1655","10152080062465","2080","lululemon丨Modal-Blend 女士莫代尔混纺高腰 A 字中长裙 LW8AN6S 太阳灰 L","Modal-Blend","2025-10-31 14:43:58","1761893038543","好评：版型舒适，面料柔软，遮肉又显瘦！"
"465bdc0be10f4ac99d5c5c3c478bea53","8df90abc-0070-4628-8047-a541d5cef4ee","10150603722759","550","lululemon丨Soft Jersey 男士短袖针织衫芯吸 LM3ES3S 杂色经典海军蓝/杂色海军蓝 M","Soft Jersey","2025-10-31 16:20:27","1761898827952","好评：穿着舒适，透气性好，颜色经典！"
"22d2b1959762400eb5f875f2ebb47acc","f26a76dd-b0ac-452d-bd36-48e86f9802c9","10120669951099","2200","lululemon丨Soft Jersey 男士短袖针织衫芯吸 LM3ES3S 加热游牧民族/加热生亚麻 M","Soft Jersey","2025-10-31 17:09:25","1761901765618","好评：质感舒适，透气性好，穿着非常自在。"
"2bbfda4a92584eeb9183496c1c99a2c5","4183985d-5991-4257-be78-a7a0672cf5ef","10164237882145","3300","lululemon丨Zeroed In 男士运动短裤 9","Zeroed In","2025-10-31 17:24:34","1761902674057","这款短裤质量不错，运动时很舒适。"
"1d25aac81c5344ccaa9bf246d23fc5ec","6f81f325-8710-4332-908f-21e9cd0806a9","10097669813124","2660","lululemon丨Daily Stride 女士罗纹中筒袜 *3 双装 LW9FHFS 白色 L","Daily Stride","2025-10-31 19:38:10","1761910690509","差评：穿着不舒适，很快就变形了。"
"976ead9b1d2145cdbddf3e153d1e8470","06ad50ee-ea09-468a-ad0e-4eecdeee7bad","10112021413182","8640","lululemon丨Softstreme™ 女士高腰长裤 *常规款 LW5GBHS 黑色 L /10","Softstreme™","2025-10-31 20:51:24","1761915084931","好评：黑色显得很高级，穿起来非常舒适！"
"06a061d78a8240e9bbd0d78f0be9c8e6","54ef4698-3b2b-4128-ba58-47f5aa4071d6","10158570948924","1920","lululemon丨Align™ 女士运动高腰紧身短裤 8","Align™","2025-10-31 21:28:26","1761917306950","好评：这款紧身短裤舒适透气，运动时无束缚感，强烈推荐！"
"6e4c2d08c1724426bef40087ea561da0","fced0ce9-3e87-467b-90ff-07f8919e2d14","10163351867613","1680","lululemon丨Focuser™ 女士低圆领运动内衣 A/B 芯吸 LW2EHJS 白色 XS","Focuser™","2025-10-31 21:49:15","1761918555924","好评：面料透气舒适，穿上运动更自如！"
"f4e6518d760249debbf1472d18f83535","17ece09e-d3c0-4fb4-a510-d9406771e987","10147776908490","2250","lululemon丨Align™ 女士运动高腰中长紧身裤 21","Align™","2025-10-31 07:10:26","1761865826227","好评：穿着舒适，弹性十足，适合长时间运动。"
"f1f1d4e3240d4a13a06d30aa5a805aec","5cf5450e-5e62-412c-9bf3-71fde943541f","10163353673211","3840","lululemon丨Classic-Fit Ventilated 女士跑步经典剪裁通风夹克 LW4BYZS 白色 S /6","Classic-Fit Ventilated","2025-10-31 22:25:55","1761920755068","好评：透气性极佳，运动时很舒适！"
"67efeefaded94d6db5686c608317fc42","7805110a-c3c3-401a-8e5f-1d32a2f4ad44","10137360071809","1200","lululemon丨All It Takes 女士后侧锁孔运动背心*罗纹 Nulu™ LW1FNUS 朦胧粉 XS /4","All It","2025-10-31 22:54:01","1761922441502","推荐这款运动背心，穿着舒适，运动时无束缚感。"
"87c13873f5fb4d2fbb34bac2ee697b94","06ad50ee-ea09-468a-ad0e-4eecdeee7bad","10103377971541","550","lululemon丨Metal Vent Tech 男士运动短袖 T 恤 透气 LM3DOWS 运动上衣 石墨灰/黑 M","Metal Vent","2025-10-31 23:11:11","1761923471489","好评：透气性能极佳，运动时非常舒适！"
"071f2024fe90432699aa442015ce5672","8df90abc-0070-4628-8047-a541d5cef4ee","10119642687372","1120","lululemon丨Clippable Nano 可悬挂收纳包 *拉绒 LU9C85S 草莓奶昔/银色 O/S","Clippable Nano","2025-11-01 00:54:31","1761929671309","好评：这款收纳包设计巧妙，容量大，携带方便！"
"7c4add02c7564cd3941df4b82e8e704e","17ece09e-d3c0-4fb4-a510-d9406771e987","10163360022026","6860","lululemon丨Daydrift™ 女士高腰收腿长裤 LW5HUCA 浅象牙白 M","Daydrift™","2025-11-01 01:00:50","1761930050348","好评：版型修身舒适，面料透气性很好，深得我心！"
"e92f96bcd2f5415bbc57a7499dc9246c","e2e59d28-96c9-4ec1-847c-4630eb28f789","10137114652308","6300","lululemon丨 Align™ 女士运动罗纹吊带裙 LW1FB4S 太阳灰 线上专售 S /6","Align™","2025-11-01 01:38:11","1761932291454","好评：版型合适，穿着舒适，运动时无束缚感。"
"425f4b3124764fe382d29b2fa001abf1","e2e59d28-96c9-4ec1-847c-4630eb28f789","10153913858349","2900","lululemon丨Align™ 女士两穿抹胸运动背心 LW1FGIS 紫灰 S /6","Align™","2025-11-01 04:49:59","1761943799942","好评：运动时非常舒适，透气性很好！"
"fb726347d8354fd4a7617236ca3a4603","3b0f11d1-e208-4a5e-96db-37d99aadcf08","10106875432312
","6240","lululemon丨High-Rise 女士风琴褶高腰网球裙 LW8ALXS 白色 XXS /2","High-Rise","2025-11-01 06:17:25","1761949045197","好评：面料舒适，版型修身，白色百搭，推荐！"
"4b3ad95fd1ce407a94dec43b3ee1ec19","17ece09e-d3c0-4fb4-a510-d9406771e987","10146450567209","2250","lululemon丨Sojourn 男士夹克 芯吸 LM3CZOS 太阳灰 L","Sojourn","2025-11-01 06:37:44","1761950264756","好评：面料透气，设计时尚，穿上 very comfortable！"
"c0fb6ab3373e407c90ac43fed506609b","57d00132-25fd-471e-9dd0-a11bb2a66455","10176896903499","3360","lululemon丨Dual-Pouch 斜挎包 LU9C16S 暖褐灰/浅象牙白 O/S","Dual-Pouch","2025-11-01 08:35:57","1761957357714","好评：设计时尚，容量大，背起来也很舒适！"
"233062c88e3a4ce9897fee3a6986b4f4","484c9f2f-c7ff-48f9-a1d4-382bed43b24b","10162891417963","1920","lululemon丨Like a Cloud 女士细肩带运动内衣 A/B 速干 LW2DUDS 淀粉蓝 L /10","Like a","2025-11-01 09:11:50","1761959510090","好评：穿着舒适，运动时没有束缚感，颜色也很漂亮。"
"889c27eaea334948b7343f9090c82546","17ece09e-d3c0-4fb4-a510-d9406771e987","10135721469998","2040","lululemon丨On My Level 女士小款手袋 LW9FNDS 黑/金 O/S","On My","2025-11-01 09:45:53","1761961553384","差评：质量一般，背起来很沉，不推荐。"
"e37a73a60eda48dbac2f0d0073c04f58","8df90abc-0070-4628-8047-a541d5cef4ee","10162878192196","1680","lululemon丨All Yours 女士棉混纺短款 T 恤 LW3IP2S 淀粉蓝 XS","All Yours","2025-11-01 10:42:28","1761964948801","差评：质量太差，洗一次就变形了。"
"58e84aa18cf84339823ace1c77c6769d","4183985d-5991-4257-be78-a7a0672cf5ef","10046746669896","1650","lululemon丨Surge 男士运动短裤 6","Surge","2025-11-01 00:22:37","1761927757890","好评：运动舒适，透气性极佳，推荐！"
"f29c8fbce22444c380774e35bd5d6225","64d722c6-04c4-4454-8eec-1b245f7c35cb","10119900815744","1600","lululemon丨Swiftly Tech 女士运动短款长袖 T 恤 2.0 LW3GH4S 石板灰/白 S /6","Swiftly Tech","2025-11-01 11:50:40","1761969040646","好评：穿着舒适，透气性好，运动时很合身。"
"0ef3056480c5462f87374cc572a90bda","cd27396f-37ae-4388-9f53-26cc9288ce91","10151683566676","12420","lululemon丨Water-Repellent Stretch 女士网球夹克 拒水 LW4BXKS 清凉蓝 XS /4","Water-Repellent Stretch","2025-11-01 02:51:24","1761936684077","好评：这款夹克透气性很好，穿上很舒适！"
"8f3dab4e32f04a59afc662ea2d212113","53b0e555-528b-4fb3-afac-7e9769e9d158","10120074154620","12420","lululemon丨Gym 运动健身包 LU9BRKS 黑/星际灰 O/S","Gym","2025-11-01 12:11:53","1761970313191","这款运动包质量很好，容量大，背起来也很舒服。"
"6ee062958c1d424090e6055e6dbdd2fe","714e3718-9dc3-4337-976a-2bfadb14d95c","10137925562350","7560","lululemon丨Dance Studio 女士宽松剪裁中腰工装裤 拒水 LW5GOEA 黑色 M","Dance Studio","2025-11-01 13:53:24","1761976404183","好评：版型舒适，黑色显瘦，值得推荐！"
"002d257f46b2487caf9674ab789e7201","2d38140e-ce98-4210-8688-22d4df58f1fb","10152080062465","3640","lululemon丨Modal-Blend 女士莫代尔混纺高腰 A 字中长裙 LW8AN6S 太阳灰 L","Modal-Blend","2025-11-01 13:55:39","1761976539732","差评：穿了几天就发现腰部有明显的松动，质量一般。"
"dc2b03fa946346d1ad7aa00cb1b0a15e","78d88d26-6ca6-401f-aec2-774c52d8593b","10150603722759","4400","lululemon丨Soft Jersey 男士短袖针织衫芯吸 LM3ES3S 杂色经典海军蓝/杂色海军蓝 M","Soft Jersey","2025-11-01 14:06:32","1761977192808","好评：质量不错，穿着舒适，颜色也很百搭。"
"147654c5c2f34264a78cad7c8788888a","54ef4698-3b2b-4128-ba58-47f5aa4071d6","10120669951099","3850","lululemon丨Soft Jersey 男士短袖针织衫芯吸 LM3ES3S 加热游牧民族/加热生亚麻 M","Soft Jersey","2025-11-01 14:12:18","1761977538362","好评：穿着舒适，保暖性能好，推荐！"
"3ef9a84e9f064e0580143c2d5d48b908","3b7bff50-e9b4-4a4a-9b32-3d3b421bf498","10164237882145","2750","lululemon丨Zeroed In 男士运动短裤 9","Zeroed In","2025-11-01 14:45:26","1761979526637","好评：这款短裤透气舒适，非常适合运动时穿着。"
"84ad22bf70bb492c963f4ec3bc5fb846","7805110a-c3c3-401a-8e5f-1d32a2f4ad44","10097669813124","3040","lululemon丨Daily Stride 女士罗纹中筒袜 *3 双装 LW9FHFS 白色 L","Daily Stride","2025-11-01 15:57:31","1761983851179","好评：穿着舒适，袜子质量很好，白色百搭！"
"ffa8b680095d486c89aab51383cf4b70","53b0e555-528b-4fb3-afac-7e9769e9d158","10112021413182","7560","lululemon丨Softstreme™ 女士高腰长裤 *常规款 LW5GBHS 黑色 L /10","Softstreme™","2025-11-01 16:11:09","1761984669787","差评：裤子质量差，穿了一次就变形了。"
"5a850c87f77f4f6e87f28410e5c30aed","a3d27769-4953-4b92-a3e2-01892f647446","10158570948924","3360","lululemon丨Align™ 女士运动高腰紧身短裤 8","Align™","2025-11-01 17:51:52","1761990712103","好评：这条 leggings 穿着舒适，弹性十足，运动效果很好！"
"241e375fa04b4144b7bb94502cc87fa1","3b0f11d1-e208-4a5e-96db-37d99aadcf08","10163351867613","840","lululemon丨Focuser™ 女士低圆领运动内衣 A/B 芯吸 LW2EHJS 白色 XS","Focuser™","2025-11-01 19:49:45","1761997785921","好评：穿着舒适，支撑到位，白色干净简约。"
"ee04e98114e8406983ac85e153fbb971","e043ac3d-a67e-4dd6-8c88-00fe7935e43c","10147776908490","6000","lululemon丨Align™ 女士运动高腰中长紧身裤 21","Align™","2025-11-01 19:55:09","1761998109778","好评：柔软舒适，运动时完全贴合不压腿。"
"08f7424f3021421e97cf6f15058041a7","3b7bff50-e9b4-4a4a-9b32-3d3b421bf498","10163353673211","2560","lululemon丨Classic-Fit Ventilated 女士跑步经典剪裁通风夹克 LW4BYZS 白色 S /6","Classic-Fit Ventilated","2025-11-01 21:12:44","1762002764352","好评：透气舒适，非常适合夏季跑步，推荐！"
"4e11b016914c4c67a0c67da1f237eebb","a44ca7ef-ba51-4b5d-8759-821468fdfb0d","10137360071809","1500","lululemon丨All It Takes 女士后侧锁孔运动背心*罗纹 Nulu™ LW1FNUS 朦胧粉 XS /4","All It","2025-11-01 21:13:22","1762002802052","这款背心质量不错，穿着舒适，但有点小。"
"e348302726ff4ff2b11bb89f9c07b1dd","dcbb8868-20e8-4b2f-a1a4-9fb695c1f660","10103377971541","3850","lululemon丨Metal Vent Tech 男士运动短袖 T 恤 透气 LM3DOWS 运动上衣 石墨灰/黑 M","Metal Vent","2025-11-01 23:27:44","1762010864497","好评：透气性超级好，运动时很舒适！"
"a6455b08c5644b0d96b07f80be3a1968","7e0fdabb-71e2-49ea-b573-f4ab324a1655","10119642687372","1960","lululemon丨Clippable Nano 可悬挂收纳包 *拉绒 LU9C85S 草莓奶昔/银色 O/S","Clippable Nano","2025-11-02 00:10:55","1762013455241","好评：这款收纳包设计精巧，容量适中，携带方便，性价比高。"
"15b1b7068e3e42698180b933490bb80a","7e039977-efaf-46cb-91d6-47e727531403","10163360022026","1960","lululemon丨Daydrift™ 女士高腰收腿长裤 LW5HUCA 浅象牙白 M","Daydrift™","2025-11-02 00:02:32","1762012952750","好评：穿起来超级舒服，高腰设计很显瘦！"
"42038f3d50244e68aa2c4fea35440323","53b0e555-528b-4fb3-afac-7e9769e9d158","10137114652308","5600","lululemon丨 Align™ 女士运动罗纹吊带裙 LW1FB4S 太阳灰 线上专售 S /6","Align™","2025-11-02 01:00:06","1762016406119","好评：穿着舒适，运动时很透气。"
"e39317f35f014a7db11c438fad982f35","78d88d26-6ca6-401f-aec2-774c52d8593b","10153913858349","4640","lululemon丨Align™ 女士两穿抹胸运动背心 LW1FGIS 紫灰 S /6","Align™","2025-11-02 01:01:18","1762016478764","好评：这款背心穿着舒适，吸汗透气，非常适合运动时使用。"
"4277951b733e426cba337495e89dc351","3b7bff50-e9b4-4a4a-9b32-3d3b421bf498","10106875432312
","5460","lululemon丨High-Rise 女士风琴褶高腰网球裙 LW8ALXS 白色 XXS /2","High-Rise","2025-11-02 00:57:09","1762016229884","好评：白色很清新，高腰设计非常合适，透气舒适。"
"374c8665e5a84399aee73fd33b359618","7805110a-c3c3-401a-8e5f-1d32a2f4ad44","10146450567209","6000","lululemon丨Sojourn 男士夹克 芯吸 LM3CZOS 太阳灰 L","Sojourn","2025-11-02 03:57:48","1762027068145","好评：材质轻薄透气，版型修身舒适，非常适合户外活动。"
"b9555fe1e3d441d9911c40c9b4464dc0","7805110a-c3c3-401a-8e5f-1d32a2f4ad44","10176896903499","4320","lululemon丨Dual-Pouch 斜挎包 LU9C16S 暖褐灰/浅象牙白 O/S","Dual-Pouch","2025-11-02 04:13:32","1762028012180","好评：设计时尚，容量适中，背负舒适。"
"29b26c6d854440eb80bb026fe6f84ed5","7805110a-c3c3-401a-8e5f-1d32a2f4ad44","10162891417963","640","lululemon丨Like a Cloud 女士细肩带运动内衣 A/B 速干 LW2DUDS 淀粉蓝 L /10","Like a","2025-11-02 04:14:07","1762028047273","好评：穿上超级舒服，就像云朵般轻柔贴身！"
"221dd9a808dc4388b35217173476133b","fced0ce9-3e87-467b-90ff-07f8919e2d14","10135721469998","5440","lululemon丨On My Level 女士小款手袋 LW9FNDS 黑/金 O/S","On My","2025-11-02 04:24:41","1762028681694","差评：质量一般，背起来勒脖子，不推荐。"
"1dc125b018684e84a753cf56590805fd","78d88d26-6ca6-401f-aec2-774c52d8593b","10162878192196","3360","lululemon丨All Yours 女士棉混纺短款 T 恤 LW3IP2S 淀粉蓝 XS","All Yours","2025-11-02 05:24:46","1762032286099","好评：这款T恤穿着舒适，颜色漂亮，性价比很高！"
"2b7244ea5f0d4b0ab4a25ab8ced90b8f","7805110a-c3c3-401a-8e5f-1d32a2f4ad44","10046746669896","4950","lululemon丨Surge 男士运动短裤 6","Surge","2025-11-02 06:05:28","1762034728908","差评：面料易起球，洗几次就不好看了。"
"65da78ad220a46feaf18859a4f876278","484c9f2f-c7ff-48f9-a1d4-382bed43b24b","10119900815744","1600","lululemon丨Swiftly Tech 女士运动短款长袖 T 恤 2.0 LW3GH4S 石板灰/白 S /6","Swiftly Tech","2025-11-02 06:34:25","1762036465071","好评：穿起来非常舒适，透气性好，颜色也很百搭！"
"0b87e1346591452d8bda9361f29b1dfe","e2e59d28-96c9-4ec1-847c-4630eb28f789","10151683566676","9660","lululemon丨Water-Repellent Stretch 女士网球夹克 拒水 LW4BXKS 清凉蓝 XS /4","Water-Repellent Stretch","2025-11-02 06:05:39","1762034739461","好评：透气性极佳，穿上非常舒适，运动更自如！"
"69a9b31fcd114ad1943f5c7ff90d3e60","57d00132-25fd-471e-9dd0-a11bb2a66455","10120074154620","11040","lululemon丨Gym 运动健身包 LU9BRKS 黑/星际灰 O/S","Gym","2025-11-02 08:54:09","1762044849077","这款运动包质量很好，耐用实用，推荐！"
"8e55ce85727549c2ac5c257e5e689926","f26a76dd-b0ac-452d-bd36-48e86f9802c9","10137925562350","4320","lululemon丨Dance Studio 女士宽松剪裁中腰工装裤 拒水 LW5GOEA 黑色 M","Dance Studio","2025-11-02 09:11:17","1762045877431","差评：裤型宽松，但腰部支撑不足，不太适合长时间穿着。"
"905bc09e96704911b67670560e6a11b8","04e2bb73-9ba4-46c1-9af7-74c2060efc32","10152080062465","1040","lululemon丨Modal-Blend 女士莫代尔混纺高腰 A 字中长裙 LW8AN6S 太阳灰 L","Modal-Blend","2025-11-02 09:19:55","1762046395274","好评：这条裙子舒适又时尚，非常适合休闲场合穿着。"
"510707d74ca44305b9f68c7f767f50de","9c9a5fb1-1223-4f4f-abd2-125259cafcc9","10150603722759","4950","lululemon丨Soft Jersey 男士短袖针织衫芯吸 LM3ES3S 杂色经典海军蓝/杂色海军蓝 M","Soft Jersey","2025-11-02 09:59:20","1762048760995","好评：面料柔软舒适，透气性好，非常满意！"
"ff32d7e31379493d8592b968f0ec82c5","7805110a-c3c3-401a-8e5f-1d32a2f4ad44","10120669951099","3850","lululemon丨Soft Jersey 男士短袖针织衫芯吸 LM3ES3S 加热游牧民族/加热生亚麻 M","Soft Jersey","2025-11-02 10:15:45","1762049745790","好评：这款针织衫保暖舒适，穿着非常合身！"
"45bd95a184cd4eaabd254c3c4574f996","5cf5450e-5e62-412c-9bf3-71fde943541f","10164237882145","1650","lululemon丨Zeroed In 男士运动短裤 9","Zeroed In","2025-11-02 11:20:22","1762053622861","差评：质量一般，穿了一次就起了球。"
"feb67c3e09414df8b16678fbd75e98bb","7805110a-c3c3-401a-8e5f-1d32a2f4ad44","10097669813124","1140","lululemon丨Daily Stride 女士罗纹中筒袜 *3 双装 LW9FHFS 白色 L","Daily Stride","2025-11-02 11:45:55","1762055155051","好评：穿起来舒适透气，非常满意。"
"4e72e3407bad48e8bbd2a2c3ae92d7f7","78d88d26-6ca6-401f-aec2-774c52d8593b","10112021413182","3240","lululemon丨Softstreme™ 女士高腰长裤 *常规款 LW5GBHS 黑色 L /10","Softstreme™","2025-11-02 11:51:16","1762055476831","好评：这款裤子穿着舒适，黑色经典百搭，强烈推荐！"
"f95063afbc8a4d60958ea6c20fa4e67a","7805110a-c3c3-401a-8e5f-1d32a2f4ad44","10158570948924","3360","lululemon丨Align™ 女士运动高腰紧身短裤 8","Align™","2025-11-02 11:56:56","1762055816639","好评：穿着舒适，运动时不会下滑，弹性很好。"
"26d81957f1ff41519736b520bac5c7c9","7805110a-c3c3-401a-8e5f-1d32a2f4ad44","10163351867613","840","lululemon丨Focuser™ 女士低圆领运动内衣 A/B 芯吸 LW2EHJS 白色 XS","Focuser™","2025-11-02 13:10:25","1762060225799","好评：穿着舒适，吸汗效果很好，推荐！"
"2a62ac97244447c5b2163792a75b34c4","06ad50ee-ea09-468a-ad0e-4eecdeee7bad","10147776908490","6750","lululemon丨Align™ 女士运动高腰中长紧身裤 21","Align™","2025-11-02 13:44:18","1762062258493","好评：穿着舒适，支撑力强，运动效果佳！"
"389bcec8958142948f6b7e328c4870d1","3b7bff50-e9b4-4a4a-9b32-3d3b421bf498","10163353673211","7680","lululemon丨Classic-Fit Ventilated 女士跑步经典剪裁通风夹克 LW4BYZS 白色 S /6","Classic-Fit Ventilated","2025-11-02 13:46:45","1762062405133","好评：透气性极好，运动时感觉非常舒适！"
"01926871518d49a9962ad7c5f1c1a3f5","53b0e555-528b-4fb3-afac-7e9769e9d158","10137360071809","2400","lululemon丨All It Takes 女士后侧锁孔运动背心*罗纹 Nulu™ LW1FNUS 朦胧粉 XS /4","All It","2025-11-02 16:09:11","1762070951741","好评：穿着舒适透气，颜色也很温柔！"
"dec24506bb91458c867ea9d98158c037","e2e59d28-96c9-4ec1-847c-4630eb28f789","10103377971541","2750","lululemon丨Metal Vent Tech 男士运动短袖 T 恤 透气 LM3DOWS 运动上衣 石墨灰/黑 M","Metal Vent","2025-11-02 16:30:11","1762072211755","差评：穿了几天就发现有线头脱落，质量一般。"
"1f82045b97024e5ebd671577b413e1d9","54ef4698-3b2b-4128-ba58-47f5aa4071d6","10067416338915","500","lululemon丨Grid Tech 男士长裤 LM5577S 石墨灰 M","Grid Tech","2025-11-02 17:28:30","1762075710270","好评：这款长裤舒适透气，非常适合运动！"
"d77ca642994843c980430a4aa5451ae2","04e2bb73-9ba4-46c1-9af7-74c2060efc32","10159663225944","4320","lululemon丨Define 女士夹克 *Nulu™ 芯吸 LW4CFOS 雾绿 L /10","Define","2025-11-02 17:39:11","1762076351120","好评：这款夹克穿起来舒适透气，颜色也很漂亮！"
"e78f0b9c2de24a85951861323e327957","714e3718-9dc3-4337-976a-2bfadb14d95c","10063930135996","15120","lululemon丨Cross Chill 女士运动夹克 LW4BOHS 黑色 3XS /0","Cross Chill","2025-11-02 18:02:09","1762077729628","好评：黑色非常百搭，衣服质量上乘，保暖透气！"
"490cf03cfcd846918ef763d39ff0a737","e043ac3d-a67e-4dd6-8c88-00fe7935e43c","10137933476135","1500","lululemon丨Hold Tight 女士平直下围紧身短款 T 恤 LW3IGAS 蔷薇粉 XS /4","Hold Tight","2025-11-02 18:19:23","1762078763512","好评：穿着舒适，颜色温柔，非常适合日常运动。"
"e4994139ede84f58af9336e5d58a3363","8df90abc-0070-4628-8047-a541d5cef4ee","10163360532999","7560","lululemon丨Balancer Woven 男士运动宽松剪裁长裤 *常规款 LM5BC9S 黑色 M","Balancer Woven","2025-11-02 18:22:05","1762078925447","好评：这款裤子穿着舒适，弹性十足，黑色经典百搭。"
"c844711879d447d4bd1aa0f9f94f06c3","57d00132-25fd-471e-9dd0-a11bb2a66455","10137428321540","2550","lululemon丨Wunder Train 女士运动高腰紧身裤 25","Wunder Train","2025-11-02 19:07:51","1762081671115","好评：这款紧身裤弹性十足，穿着舒适，适合各种运动！"
"83137adf2c1d492d83fb3ab4d38bc900","7e039977-efaf-46cb-91d6-47e727531403","10158250811557","6120","lululemon丨Lightweight 女士轻盈版高腰网球裙 LW8AK7S 雨林绿 S /6","Lightweight","2025-11-02 19:25:43","1762082743489","好评：穿着舒适，颜色漂亮，运动起来很灵活！"
"1ec0b6529f1d4c25bf909398a488e626","53b0e555-528b-4fb3-afac-7e9769e9d158","10129310177309","5880","lululemon丨Wunderlust 背包 拒水 双肩包 LU9AS8S 军绿/炮铜色 O/S","Wunderlust","2025-11-02 19:40:23","1762083623047","好评：这款背包防水耐用，颜值高，背起来也很舒适！"
"a3b6cd449cce49a1b07ed2be36d77688","cd27396f-37ae-4388-9f53-26cc9288ce91","10163352339724","1800","lululemon丨Metal Vent Tech 男士运动背心 LM1364S 青柠黄绿/雾绿 M","Metal Vent","2025-11-02 19:53:13","1762084393552","好评：穿着舒适透气，运动时无束缚感！"
"542b5dd2ca174c1cbf3fe4c3ba07b117","57d00132-25fd-471e-9dd0-a11bb2a66455","10154996630416","3200","lululemon丨All It Takes女士运动 T恤 *罗纹Nulu™ 速干 LW3GV0S 橡木棕 XS /4","All It","2025-11-02 07:12:10","1762038730112","这款T恤穿起来舒适透气，好评！"
"ba75fe58e88f482baf2ea85528945074","dcbb8868-20e8-4b2f-a1a4-9fb695c1f660","10157570232238","350","lululemon丨Fast and Free 运动腰包 LU9BXLS 薰衣草霜紫 S/M","Fast and","2025-11-02 21:17:58","1762089478943","差评：质量一般，颜色偏差大，性价比不高。"
"b42a3f224bc6425596f2c32c33f5152a","04e2bb73-9ba4-46c1-9af7-74c2060efc32","10115159936647","3540","lululemon丨Wunderlust 邮差包 LU9BVTS 黑色 O/S","Wunderlust","2025-11-02 22:02:54","1762092174815","这款邮差包质量很好，黑色经典百搭！"
"bd75da1e7e8d4022b0205493c4fcba66","d0d0c539-2307-493c-a7ea-92258d845f9f","10135440997409","3200","lululemon丨Relaxed-Fit 女士宽松剪裁船型领口长袖 T 恤 LW3IOJS 浅象牙白 XS /4","Relaxed-Fit","2025-11-02 23:34:59","1762097699115","这款T恤穿着舒适，面料透气，推荐！"
"76e9b4fdcc5746d9b8b0c12e630c6308","f26a76dd-b0ac-452d-bd36-48e86f9802c9","10119642687372","1960","lululemon丨Clippable Nano 可悬挂收纳包 *拉绒 LU9C85S 草莓奶昔/银色 O/S","Clippable Nano","2025-11-03 02:47:13","1762109233063","好评：容量大，设计独特，携带方便，质量上乘！"
"5450793c4c5346e7ac4e835aa4d00530","771c7346-c99f-4c13-84cc-a227c37e4f73","10163360022026","4900","lululemon丨Daydrift™ 女士高腰收腿长裤 LW5HUCA 浅象牙白 M","Daydrift™","2025-11-03 03:32:44","1762111964370","好评：版型舒适，颜色也很好看！"
"9b875268df64430dab51ad29187374b5","04e2bb73-9ba4-46c1-9af7-74c2060efc32","10137114652308","4200","lululemon丨 Align™ 女士运动罗纹吊带裙 LW1FB4S 太阳灰 线上专售 S /6","Align™","2025-11-03 02:34:55","1762108495523","好评：穿着舒适，运动时完全无束缚感，推荐！"
"4ffb0bdb9f644534af84ca7f563fb6bd","2d38140e-ce98-4210-8688-22d4df58f1fb","10153913858349","2900","lululemon丨Align™ 女士两穿抹胸运动背心 LW1FGIS 紫灰 S /6","Align™","2025-11-03 05:17:32","1762118252975","好评：穿着舒适度非常高，运动时完全无感！"
"932950eb4465490db53f3eda2ff73a2d","a3d27769-4953-4b92-a3e2-01892f647446","10106875432312
","3900","lululemon丨High-Rise 女士风琴褶高腰网球裙 LW8ALXS 白色 XXS /2","High-Rise","2025-11-03 05:42:05","1762119725159","好评：裙子舒适透气，高腰设计很显瘦！"
"9ba00071b59a4ad2ba00f450436a241f","54ef4698-3b2b-4128-ba58-47f5aa4071d6","10146450567209","6750","lululemon丨Sojourn 男士夹克 芯吸 LM3CZOS 太阳灰 L","Sojourn","2025-11-03 05:46:43","1762120003075","好评：这件夹克质量很好，穿着舒适，太阳灰的颜色也很时尚。"
"f65b165377ad407685ebf753b2e112bb","7805110a-c3c3-401a-8e5f-1d32a2f4ad44","10176896903499","960","lululemon丨Dual-Pouch 斜挎包 LU9C16S 暖褐灰/浅象牙白 O/S","Dual-Pouch","2025-11-03 06:01:39","1762120899239","好评：这款斜挎包设计新颖，容量大，肩带也很舒适！"
"d1db4e15ff5643e1bed4e1c6a6dffdbb","57d00132-25fd-471e-9dd0-a11bb2a66455","10162891417963","1920","lululemon丨Like a Cloud 女士细肩带运动内衣 A/B 速干 LW2DUDS 淀粉蓝 L /10","Like a","2025-11-03 06:14:54","1762121694753","好评：穿着舒适，吸汗速干，颜色鲜艳！"
"e92526d89a574b10b1d2f31b7534fc8c","a44ca7ef-ba51-4b5d-8759-821468fdfb0d","10135721469998","4080","lululemon丨On My Level 女士小款手袋 LW9FNDS 黑/金 O/S","On My","2025-11-03 06:31:16","1762122676806","这款手袋质量不错，但皮质稍硬，需要时间软化。"
"a8a08c7611a04055b7aa8c5b06134a84","04e2bb73-9ba4-46c1-9af7-74c2060efc32","10162878192196","2100","lululemon丨All Yours 女士棉混纺短款 T 恤 LW3IP2S 淀粉蓝 XS","All Yours","2025-11-03 06:57:04","1762124224727","好评：穿着舒适透气，颜色鲜艳亮丽。"
"bf2f71bcc7a44d80a67dd706fa2ae61e","06ad50ee-ea09-468a-ad0e-4eecdeee7bad","10046746669896","2750","lululemon丨Surge 男士运动短裤 6","Surge","2025-11-03 00:11:20","1762099880726","好评：这款短裤舒适透气，非常适合运动！"
"6e361a64d5ff420092d1eaf5e7cf8a30","53b0e555-528b-4fb3-afac-7e9769e9d158","10119900815744","800","lululemon丨Swiftly Tech 女士运动短款长袖 T 恤 2.0 LW3GH4S 石板灰/白 S /6","Swiftly Tech","2025-11-03 08:19:00","1762129140338","好评：面料舒适，透气性好，非常适合运动时穿着。"
"0c461a4fea7649878b0fd41bb6a6634d","04e2bb73-9ba4-46c1-9af7-74c2060efc32","10151683566676","8280","lululemon丨Water-Repellent Stretch 女士网球夹克 拒水 LW4BXKS 清凉蓝 XS /4","Water-Repellent Stretch","2025-11-03 09:14:51","1762132491174","好评：这款夹克真心不错，透气又轻便，好评！"
"c1ee12a587d54494a3de86f36ce3cbf6","cd27396f-37ae-4388-9f53-26cc9288ce91","10120074154620","9660","lululemon丨Gym 运动健身包 LU9BRKS 黑/星际灰 O/S","Gym","2025-11-03 09:24:35","1762133075575","差评：质量一般，容量小，背起来不舒服。"
"6a827ddaf42245428d1de28d24f23f64","771c7346-c99f-4c13-84cc-a227c37e4f73","10137925562350","1080","lululemon丨Dance Studio 女士宽松剪裁中腰工装裤 拒水 LW5GOEA 黑色 M","Dance Studio","2025-11-03 11:31:33","1762140693342","好评：这款工装裤穿上舒适，黑色经典百搭，推荐！"
"9d97c85461094a4ab36facfe7d831253","a44ca7ef-ba51-4b5d-8759-821468fdfb0d","10152080062465","4160","lululemon丨Modal-Blend 女士莫代尔混纺高腰 A 字中长裙 LW8AN6S 太阳灰 L","Modal-Blend","2025-11-03 11:46:56","1762141616615","好评：这款裙子穿上超舒适，太阳灰的颜色也很显气质！"
"363d68d362864a17abdcd83b23833c84","6f81f325-8710-4332-908f-21e9cd0806a9","10150603722759","2200","lululemon丨Soft Jersey 男士短袖针织衫芯吸 LM3ES3S 杂色经典海军蓝/杂色海军蓝 M","Soft Jersey","2025-11-03 11:51:14","1762141874380","好评：面料柔软舒适，透气性好，非常适合运动时穿着。"
"1e8841a5e75f402b9ba73d460c08b538","8df90abc-0070-4628-8047-a541d5cef4ee","10120669951099","1650","lululemon丨Soft Jersey 男士短袖针织衫芯吸 LM3ES3S 加热游牧民族/加热生亚麻 M","Soft Jersey","2025-11-03 11:52:33","1762141953070","好评：面料舒适，穿着透气，保暖性超赞！"
"89f5ddb2eaa6486cb08cdace72e175fe","7e039977-efaf-46cb-91d6-47e727531403","10164237882145","2750","lululemon丨Zeroed In 男士运动短裤 9","Zeroed In","2025-11-03 11:56:36","1762142196014","好评：这款短裤超级舒适，弹性十足，很适合运动！"
"bbc3554e2f46424aac8f4ead6e87d6cd","7e039977-efaf-46cb-91d6-47e727531403","10097669813124","2280","lululemon丨Daily Stride 女士罗纹中筒袜 *3 双装 LW9FHFS 白色 L","Daily Stride","2025-11-03 11:58:51","1762142331106","好评：这款lululemon中筒袜穿着舒适，白色百搭，质量很不错！"
"86cafcd181924bba8a5f330e29affb11","54ef4698-3b2b-4128-ba58-47f5aa4071d6","10112021413182","5400","lululemon丨Softstreme™ 女士高腰长裤 *常规款 LW5GBHS 黑色 L /10","Softstreme™","2025-11-03 13:20:19","1762147219879","好评：这款裤子弹性十足，舒适度非常棒，黑色也很百搭！"
"15fc76b0bb49469abed4a5fba13cee61","dcbb8868-20e8-4b2f-a1a4-9fb695c1f660","10158570948924","480","lululemon丨Align™ 女士运动高腰紧身短裤 8","Align™","2025-11-03 14:28:05","1762151285212","好评：穿着舒适，弹性好，适合长时间锻炼。"
"94abaecfde744d3fae48702dd56b38b1","8df90abc-0070-4628-8047-a541d5cef4ee","10163351867613","1680","lululemon丨Focuser™ 女士低圆领运动内衣 A/B 芯吸 LW2EHJS 白色 XS","Focuser™","2025-11-03 15:03:43","1762153423207","好评：穿着非常舒适，吸汗效果很好，透气性也佳。"
"a6d86cf68bec46488583640db80e4316","64d722c6-04c4-4454-8eec-1b245f7c35cb","10147776908490","3750","lululemon丨Align™ 女士运动高腰中长紧身裤 21","Align™","2025-11-03 16:07:34","1762157254333","好评：版型舒适，弹力十足，运动一整天都不勒不紧！"
"9688851fd1bf4a4cbd57b381bec4a27a","7e0fdabb-71e2-49ea-b573-f4ab324a1655","10163353673211","5120","lululemon丨Classic-Fit Ventilated 女士跑步经典剪裁通风夹克 LW4BYZS 白色 S /6","Classic-Fit Ventilated","2025-11-03 16:10:43","1762157443202","好评：透气性极好，穿着舒适，运动时不会觉得闷热。"
"53ea540f27c8494a820d9643f0bb66bf","3b0f11d1-e208-4a5e-96db-37d99aadcf08","10137360071809","1800","lululemon丨All It Takes 女士后侧锁孔运动背心*罗纹 Nulu™ LW1FNUS 朦胧粉 XS /4","All It","2025-11-03 17:47:28","1762163248505","好评：穿着舒适透气，运动时毫无束缚感，颜色也很加分！"
"581cc1be44934a7d83cb8ddd47416f52","a3d27769-4953-4b92-a3e2-01892f647446","10103377971541","4400","lululemon丨Metal Vent Tech 男士运动短袖 T 恤 透气 LM3DOWS 运动上衣 石墨灰/黑 M","Metal Vent","2025-11-03 18:18:14","1762165094407","好评：透气性能出色，石墨灰搭配经典，运动时很舒适！"
"6e14a0f18d414fe4970f3315ea9f0f7e","e2e59d28-96c9-4ec1-847c-4630eb28f789","10067416338915","500","lululemon丨Grid Tech 男士长裤 LM5577S 石墨灰 M","Grid Tech","2025-11-03 18:18:17","1762165097192","好评：这款长裤舒适透气，石墨灰时尚百搭！"
"cef86e96a2ac4c2bbdbed42e21807357","3a3b8ad7-b86e-45de-bbc6-9878930b128b","10159663225944","3240","lululemon丨Define 女士夹克 *Nulu™ 芯吸 LW4CFOS 雾绿 L /10","Define","2025-11-03 19:47:50","1762170470643","差评：这件夹克质量太差，穿了一次就起球了。"
"b8b1eafe13bf4fffbb9ecc83f21dbafe","6f81f325-8710-4332-908f-21e9cd0806a9","10063930135996","13440","lululemon丨Cross Chill 女士运动夹克 LW4BOHS 黑色 3XS /0","Cross Chill","2025-11-03 20:54:41","1762174481511","好评：这款夹克保暖又透气，非常舒适！"
"1aea8c781c0042dcb91e2dc9b8d471af","8df90abc-0070-4628-8047-a541d5cef4ee","10137933476135","1200","lululemon丨Hold Tight 女士平直下围紧身短款 T 恤 LW3IGAS 蔷薇粉 XS /4","Hold Tight","2025-11-03 21:16:38","1762175798951","好评：穿上超级舒适，颜色也很显年轻活力！"
"954b32a98adb43a1b171af54dac1dfc0","9c9a5fb1-1223-4f4f-abd2-125259cafcc9","10163360532999","6480","lululemon丨Balancer Woven 男士运动宽松剪裁长裤 *常规款 LM5BC9S 黑色 M","Balancer Woven","2025-11-03 13:31:20","1762147880993","好评：这款裤子舒适宽松，黑色经典百搭，运动时非常自在。"
"071793e0e3d545048018363e5806f637","57d00132-25fd-471e-9dd0-a11bb2a66455","10137428321540","2550","lululemon丨Wunder Train 女士运动高腰紧身裤 25","Wunder Train","2025-11-03 22:17:54","1762179474782","好评：这款紧身裤弹力十足，穿着舒适，运动效果佳！"
"8ddd703204694d6e94c1c2caaca0b259","4183985d-5991-4257-be78-a7a0672cf5ef","10158250811557","2720","lululemon丨Lightweight 女士轻盈版高腰网球裙 LW8AK7S 雨林绿 S /6","Lightweight","2025-11-03 22:36:03","1762180563713","好评：真丝般柔软，舒适度满分，运动感十足！"
"55172b9b6e644284ac3563721c888228","a3d27769-4953-4b92-a3e2-01892f647446","10119642687372","1400","lululemon丨Clippable Nano 可悬挂收纳包 *拉绒 LU9C85S 草莓奶昔/银色 O/S","Clippable Nano","2025-11-04 00:01:30","1762185690720","好评：设计独特，容量大，便于收纳，好评！"
"3ca31a39144249489c5cde8e6fcd08ed","a44ca7ef-ba51-4b5d-8759-821468fdfb0d","10163360022026","8820","lululemon丨Daydrift™ 女士高腰收腿长裤 LW5HUCA 浅象牙白 M","Daydrift™","2025-11-04 00:44:05","1762188245517","好评：面料舒适，版型修身，穿上非常有型！"
"831abe1d1c11423695dcd045844c83d7","e2e59d28-96c9-4ec1-847c-4630eb28f789","10137114652308","5600","lululemon丨 Align™ 女士运动罗纹吊带裙 LW1FB4S 太阳灰 线上专售 S /6","Align™","2025-11-04 00:33:26","1762187606285","好评：舒适透气，运动时毫不束缚。"
"bd847670c4ec4fc395aba5603a7b6eff","a3d27769-4953-4b92-a3e2-01892f647446","10153913858349","2900","lululemon丨Align™ 女士两穿抹胸运动背心 LW1FGIS 紫灰 S /6","Align™","2025-11-04 01:55:01","1762192501858","好评：穿起来舒适透气，运动时无束缚感，颜值也很高。"
"17ab8587903c4f40a0d90896a1f6d109","7805110a-c3c3-401a-8e5f-1d32a2f4ad44","10106875432312
","3900","lululemon丨High-Rise 女士风琴褶高腰网球裙 LW8ALXS 白色 XXS /2","High-Rise","2025-11-04 02:26:13","1762194373051","好评：这款网球裙版型合适，面料透气舒适，非常适合运动！"
"9279e5dc07454693a1e580894b91eae2","7e0fdabb-71e2-49ea-b573-f4ab324a1655","10146450567209","1500","lululemon丨Sojourn 男士夹克 芯吸 LM3CZOS 太阳灰 L","Sojourn","2025-11-04 02:31:48","1762194708095","好评：设计时尚，保暖透气，质量上乘！"
"0283153ca4bf488b954b77e8982be02d","7e039977-efaf-46cb-91d6-47e727531403","10176896903499","1440","lululemon丨Dual-Pouch 斜挎包 LU9C16S 暖褐灰/浅象牙白 O/S","Dual-Pouch","2025-11-04 03:15:50","1762197350555","好评：设计时尚，容量适中，很实用！"
"df98a64c46474e1bbf09ab1f018bc66b","d0d0c539-2307-493c-a7ea-92258d845f9f","10162891417963","1600","lululemon丨Like a Cloud 女士细肩带运动内衣 A/B 速干 LW2DUDS 淀粉蓝 L /10","Like a","2025-11-04 04:12:18","1762200738144","好评：穿起来非常舒适，速干性能也好。"
"39a83baaf3954c96b5f00cc56a7342de","53b0e555-528b-4fb3-afac-7e9769e9d158","10135721469998","4080","lululemon丨On My Level 女士小款手袋 LW9FNDS 黑/金 O/S","On My","2025-11-04 06:12:13","1762207933160","这款手袋质量上乘，设计时尚，容量适中，非常满意！"
"6a9d50575b0346c5970a6334b5f8499c","2d38140e-ce98-4210-8688-22d4df58f1fb","10162878192196","840","lululemon丨All Yours 女士棉混纺短款 T 恤 LW3IP2S 淀粉蓝 XS","All Yours","2025-11-04 06:22:00","1762208520383","好评：穿着舒适，颜色漂亮，适合日常出行！"
"a38f95a391bd4900b16ae88aa27b29f7","54ef4698-3b2b-4128-ba58-47f5aa4071d6","10046746669896","3300","lululemon丨Surge 男士运动短裤 6","Surge","2025-11-04 06:56:08","1762210568397","好评：穿着舒适，透气性好，运动时无束缚感。"
"6fa8db233f1c4b4c8fbc1e4342ef8788","dcbb8868-20e8-4b2f-a1a4-9fb695c1f660","10119900815744","2800","lululemon丨Swiftly Tech 女士运动短款长袖 T 恤 2.0 LW3GH4S 石板灰/白 S /6","Swiftly Tech","2025-11-04 01:02:37","1762189357421","好评：穿上非常舒适，吸汗透气，值得推荐！"
"9e9f16842e454305a98d42011bfa7037","5cf5450e-5e62-412c-9bf3-71fde943541f","10151683566676","1380","lululemon丨Water-Repellent Stretch 女士网球夹克 拒水 LW4BXKS 清凉蓝 XS /4","Water-Repellent Stretch","2025-11-04 07:02:16","1762210936711","这款夹克透气舒适，防泼水效果很好，好评！"
"3555da6926ef40f9aa56d0dd1fad1986","cd27396f-37ae-4388-9f53-26cc9288ce91","10120074154620","11040","lululemon丨Gym 运动健身包 LU9BRKS 黑/星际灰 O/S","Gym","2025-11-04 07:18:01","1762211881586","好评：这款运动包质量很好，背起来也很舒服！"
"3551b681aa104739819b5a5676824b65","484c9f2f-c7ff-48f9-a1d4-382bed43b24b","10137925562350","3240","lululemon丨Dance Studio 女士宽松剪裁中腰工装裤 拒水 LW5GOEA 黑色 M","Dance Studio","2025-11-04 08:31:12","1762216272403","差评：穿着不舒服，面料太硬，根本不透气。"
"9a339ed4f48d435a990d69e3bf6f9b7f","8ccf2fcf-287c-4a5c-ab0f-6708248216f6","10152080062465","3120","lululemon丨Modal-Blend 女士莫代尔混纺高腰 A 字中长裙 LW8AN6S 太阳灰 L","Modal-Blend","2025-11-04 08:47:50","1762217270175","好评：这款裙子舒适又时尚，非常推荐！"
"4314a8546165483ebee8fbe8d02bbb01","7805110a-c3c3-401a-8e5f-1d32a2f4ad44","10150603722759","4400","lululemon丨Soft Jersey 男士短袖针织衫芯吸 LM3ES3S 杂色经典海军蓝/杂色海军蓝 M","Soft Jersey","2025-11-04 06:23:34","1762208614016","好评：面料舒适，透气性好，颜色经典！"
"b490a3447e91455ea74f1e54a6379953","2d38140e-ce98-4210-8688-22d4df58f1fb","10120669951099","550","lululemon丨Soft Jersey 男士短袖针织衫芯吸 LM3ES3S 加热游牧民族/加热生亚麻 M","Soft Jersey","2025-11-04 08:58:21","1762217901018","好评：穿着舒适，吸汗透气，保暖性好！"
"96f57eb6519044039f9eb65d80f904f2","17ece09e-d3c0-4fb4-a510-d9406771e987","10164237882145","2750","lululemon丨Zeroed In 男士运动短裤 9","Zeroed In","2025-11-04 09:55:23","1762221323058","好评：这款短裤透气舒适，运动时非常自在！"
"cee7ec88aa834feab24eea56352a1454","cd27396f-37ae-4388-9f53-26cc9288ce91","10097669813124","1140","lululemon丨Daily Stride 女士罗纹中筒袜 *3 双装 LW9FHFS 白色 L","Daily Stride","2025-11-04 10:41:36","1762224096655","好评：穿着舒适，颜色亮丽，性价比高。"
"753ed9458e7949f29ef5163f9a70609a","3b7bff50-e9b4-4a4a-9b32-3d3b421bf498","10112021413182","2160","lululemon丨Softstreme™ 女士高腰长裤 *常规款 LW5GBHS 黑色 L /10","Softstreme™","2025-11-04 10:43:42","1762224222924","好评：这条裤子舒适度高，黑色经典百搭，非常适合运动。"
"cc400b60f09b4798b8d81fc53a50753c","04e2bb73-9ba4-46c1-9af7-74c2060efc32","10158570948924","3840","lululemon丨Align™ 女士运动高腰紧身短裤 8","Align™","2025-11-04 11:30:37","1762227037956","好评：穿着舒适，弹力十足，适合长时间运动。"
"1db337bd0e1b4bd28852840237e385d6","53b0e555-528b-4fb3-afac-7e9769e9d158","10163351867613","1680","lululemon丨Focuser™ 女士低圆领运动内衣 A/B 芯吸 LW2EHJS 白色 XS","Focuser™","2025-11-04 11:47:42","1762228062295","好评：穿起来非常舒适，运动时没有任何束缚感。"
"4d741e8994794e29b39369f54f24e0f9","4b942fdd-1628-42e5-996f-5da408136aa7","10147776908490","3750","lululemon丨Align™ 女士运动高腰中长紧身裤 21","Align™","2025-11-04 12:04:18","1762229058256","好评：穿着舒适，弹性十足，运动时无束缚感。"
"835f23e6f80c463d95e6db443f85c7b4","a44ca7ef-ba51-4b5d-8759-821468fdfb0d","10163353673211","7680","lululemon丨Classic-Fit Ventilated 女士跑步经典剪裁通风夹克 LW4BYZS 白色 S /6","Classic-Fit Ventilated","2025-11-04 15:05:33","1762239933772","好评：透气舒适，跑步的最佳选择！"
"1490d3654ef94ca19585d6e73c088cd3","ea160fa2-6f01-4769-ab11-e0230256a93c","10137360071809","900","lululemon丨All It Takes 女士后侧锁孔运动背心*罗纹 Nulu™ LW1FNUS 朦胧粉 XS /4","All It","2025-11-04 15:08:38","1762240118272","好评：穿着舒适透气，颜色很温柔！"
"135d1fa3678f4131838c2b45f3c2602b","3836455f-4bef-4e92-842e-99cec73ef194","10103377971541","1650","lululemon丨Metal Vent Tech 男士运动短袖 T 恤 透气 LM3DOWS 运动上衣 石墨灰/黑 M","Metal Vent","2025-11-04 15:11:18","1762240278686","好评：透气舒适，运动时很凉爽！"
"f1c0fabdeda64adb9a8301071b55699e","54ef4698-3b2b-4128-ba58-47f5aa4071d6","10067416338915","500","lululemon丨Grid Tech 男士长裤 LM5577S 石墨灰 M","Grid Tech","2025-11-04 15:15:22","1762240522608","好评：这款裤子舒适透气，石墨灰很百搭！"
"a7cc4e7788d94a54a2395641ee320f19","fced0ce9-3e87-467b-90ff-07f8919e2d14","10159663225944","9720","lululemon丨Define 女士夹克 *Nulu™ 芯吸 LW4CFOS 雾绿 L /10","Define","2025-11-04 15:33:59","1762241639114","好评：雾绿色真漂亮，穿上超级有范儿！"
"762e7c2c04ce4fd6ad18345fa090009a","484c9f2f-c7ff-48f9-a1d4-382bed43b24b","10063930135996","15120","lululemon丨Cross Chill 女士运动夹克 LW4BOHS 黑色 3XS /0","Cross Chill","2025-11-04 17:05:13","1762247113320","差评：这件夹克质量太差，穿了几次就有窟窿。"
"b624b62108874fb69f8e66e597aae263","5cf5450e-5e62-412c-9bf3-71fde943541f","10137933476135","900","lululemon丨Hold Tight 女士平直下围紧身短款 T 恤 LW3IGAS 蔷薇粉 XS /4","Hold Tight","2025-11-04 18:25:24","1762251924911","好评：这件T恤穿起来超级舒适，颜色也很显气质！"
"cc8813b523154172917d57584acdac4e","17ece09e-d3c0-4fb4-a510-d9406771e987","10163360532999","8640","lululemon丨Balancer Woven 男士运动宽松剪裁长裤 *常规款 LM5BC9S 黑色 M","Balancer Woven","2025-11-04 18:28:34","1762252114113","好评：版型舒适，黑色百搭，穿着非常自在。"
"411435175a944c57bd37bbc9688452cd","e2e59d28-96c9-4ec1-847c-4630eb28f789","10137428321540","2550","lululemon丨Wunder Train 女士运动高腰紧身裤 25","Wunder Train","2025-11-04 19:29:26","1762255766878","好评： leggings 穿着舒适，高腰设计很贴心！"
"09c288e3daab4eae8de61b4c5d0f86f7","7805110a-c3c3-401a-8e5f-1d32a2f4ad44","10158250811557","680","lululemon丨Lightweight 女士轻盈版高腰网球裙 LW8AK7S 雨林绿 S /6","Lightweight","2025-11-04 19:55:39","1762257339785","好评：这款网球裙穿起来非常舒适，颜色也很亮眼！"
"0613836567e84c7a966810c3bfb8ce04","3836455f-4bef-4e92-842e-99cec73ef194","10129310177309","5880","lululemon丨Wunderlust 背包 拒水 双肩包 LU9AS8S 军绿/炮铜色 O/S","Wunderlust","2025-11-04 20:01:05","1762257665227","好评：这款背包颜值高，质量也不错，值得购买！"
"6151cbcbedde4975ba23d53abfaf08f5","e043ac3d-a67e-4dd6-8c88-00fe7935e43c","10163352339724","3600","lululemon丨Metal Vent Tech 男士运动背心 LM1364S 青柠黄绿/雾绿 M","Metal Vent","2025-11-04 20:22:09","1762258929141","好评：质量很好，透气性超赞，运动时很舒适！"
"7c75e2241eff4958bf8e22af196c09fb","484c9f2f-c7ff-48f9-a1d4-382bed43b24b","10154996630416","3600","lululemon丨All It Takes女士运动 T恤 *罗纹Nulu™ 速干 LW3GV0S 橡木棕 XS /4","All It","2025-11-04 21:03:12","1762261392040","好评：这款T恤速干透气，颜色也很耐看，非常满意！"
"c58c9b5be58644eb8aa7510b33b78f33","3b0f11d1-e208-4a5e-96db-37d99aadcf08","10157570232238","1050","lululemon丨Fast and Free 运动腰包 LU9BXLS 薰衣草霜紫 S/M","Fast and","2025-11-04 22:01:48","1762264908834","这款腰包设计新颖，颜色漂亮，但质量一般，建议慎买。"
"de02821538cc44af8ffd07dbcafb9790","ea160fa2-6f01-4769-ab11-e0230256a93c","10115159936647","7080","lululemon丨Wunderlust 邮差包 LU9BVTS 黑色 O/S","Wunderlust","2025-11-04 22:29:02","1762266542043","这款邮差包质量好，设计时尚，黑色经典不腻。（好评）"
"dbc61ef7f317414796469329da5bebbe","17ece09e-d3c0-4fb4-a510-d9406771e987","10119642687372","2520","lululemon丨Clippable Nano 可悬挂收纳包 *拉绒 LU9C85S 草莓奶昔/银色 O/S","Clippable Nano","2025-11-05 00:13:14","1762272794768","好评：设计新颖，收纳方便，质量上乘。"
"e46cc660bbd84e7fa4a83cf6da34430d","06ad50ee-ea09-468a-ad0e-4eecdeee7bad","10163360022026","3920","lululemon丨Daydrift™ 女士高腰收腿长裤 LW5HUCA 浅象牙白 M","Daydrift™","2025-11-05 00:39:09","1762274349876","好评：版型修身舒适，穿着感极佳！"
"5fadeacdb2dc481ab830176967a35560","714e3718-9dc3-4337-976a-2bfadb14d95c","10137114652308","2100","lululemon丨 Align™ 女士运动罗纹吊带裙 LW1FB4S 太阳灰 线上专售 S /6","Align™","2025-11-05 00:50:23","1762275023982","好评：穿着舒适，颜色鲜艳，运动时非常合适。"
"6164293301a44f8e803e07905ae1c403","3b7bff50-e9b4-4a4a-9b32-3d3b421bf498","10153913858349","5220","lululemon丨Align™ 女士两穿抹胸运动背心 LW1FGIS 紫灰 S /6","Align™","2025-11-05 01:50:05","1762278605341","好评：这款运动背心穿着舒适，吸汗透气，非常满意！"
"419878f702ab4688afbef11f3d7b5dc7","e043ac3d-a67e-4dd6-8c88-00fe7935e43c","10106875432312
","5460","lululemon丨High-Rise 女士风琴褶高腰网球裙 LW8ALXS 白色 XXS /2","High-Rise","2025-11-05 02:44:58","1762281898219","好评：穿起来超级舒适，高腰设计很有型！"
"5fd4fe95a670494cbdfe0ecabade4b9f","7e039977-efaf-46cb-91d6-47e727531403","10146450567209","4500","lululemon丨Sojourn 男士夹克 芯吸 LM3CZOS 太阳灰 L","Sojourn","2025-11-05 03:28:34","1762284514324","差评：穿了一次就起球，质量太差！"
"b06247950399484381c4f8739feba0e1","06ad50ee-ea09-468a-ad0e-4eecdeee7bad","10176896903499","3840","lululemon丨Dual-Pouch 斜挎包 LU9C16S 暖褐灰/浅象牙白 O/S","Dual-Pouch","2025-11-05 01:03:52","1762275832582","好评：设计时尚，容量适中，携带方便，是一款性价比很高的斜挎包。"
"8e2f42f7655848e29500bb814e840894","04e2bb73-9ba4-46c1-9af7-74c2060efc32","10162891417963","960","lululemon丨Like a Cloud 女士细肩带运动内衣 A/B 速干 LW2DUDS 淀粉蓝 L /10","Like a","2025-11-05 04:42:28","1762288948314","好评：穿着舒适，运动时完全感觉不到束缚，真心推荐！"
"38de35087dc048a388000770626a5151","7805110a-c3c3-401a-8e5f-1d32a2f4ad44","10135721469998","6120","lululemon丨On My Level 女士小款手袋 LW9FNDS 黑/金 O/S","On My","2025-11-05 03:43:23","1762285403585","好评：这款手袋设计时尚，容量适中，非常实用！"
"38767319e32d4b3fafe5de69563ffada","64d722c6-04c4-4454-8eec-1b245f7c35cb","10162878192196","1260","lululemon丨All Yours 女士棉混纺短款 T 恤 LW3IP2S 淀粉蓝 XS","All Yours","2025-11-05 07:25:32","1762298732051","好评：衣服质量很好，穿起来舒服又修身！"
"f996b5df55ed49a5afa3a63d1845a2df","7e039977-efaf-46cb-91d6-47e727531403","10046746669896","4400","lululemon丨Surge 男士运动短裤 6","Surge","2025-11-05 07:26:43","1762298803455","好评：这款短裤透气舒适，适合夏天运动穿着！"
"9ae19150661f48cf9ffb84dc71d1a8e9","53b0e555-528b-4fb3-afac-7e9769e9d158","10119900815744","2000","lululemon丨Swiftly Tech 女士运动短款长袖 T 恤 2.0 LW3GH4S 石板灰/白 S /6","Swiftly Tech","2025-11-05 09:03:03","1762304583613","好评：穿上舒适透气，色彩搭配也很时尚！"
"92470464b0484845ac736cbe8d138b96","7e039977-efaf-46cb-91d6-47e727531403","10151683566676","4140","lululemon丨Water-Repellent Stretch 女士网球夹克 拒水 LW4BXKS 清凉蓝 XS /4","Water-Repellent Stretch","2025-11-05 10:33:52","1762310032025","这件夹克穿着舒适，透气性很好，但是有点小。"
"54897bfe7ded436a8533636b042f2f8f","ea160fa2-6f01-4769-ab11-e0230256a93c","10120074154620","5520","lululemon丨Gym 运动健身包 LU9BRKS 黑/星际灰 O/S","Gym","2025-11-05 10:59:32","1762311572806","好评：设计时尚，容量大，背起来也很舒服！"
"80385d56382748aa9502f931fb9c905f","e043ac3d-a67e-4dd6-8c88-00fe7935e43c","10137925562350","2160","lululemon丨Dance Studio 女士宽松剪裁中腰工装裤 拒水 LW5GOEA 黑色 M","Dance Studio","2025-11-05 12:55:07","1762318507125","差评：穿起来太紧，完全不像宣传的宽松剪裁。"
"b6578de67b82405b8ebca3cbd67d4cec","d0d0c539-2307-493c-a7ea-92258d845f9f","10152080062465","4680","lululemon丨Modal-Blend 女士莫代尔混纺高腰 A 字中长裙 LW8AN6S 太阳灰 L","Modal-Blend","2025-11-05 12:59:41","1762318781535","好评：穿着舒适透气，版型修身，时尚度满分！"
"68854469f1374805afe88a377989efc6","771c7346-c99f-4c13-84cc-a227c37e4f73","10150603722759","4950","lululemon丨Soft Jersey 男士短袖针织衫芯吸 LM3ES3S 杂色经典海军蓝/杂色海军蓝 M","Soft Jersey","2025-11-05 13:35:15","1762320915047","好评：穿着舒适，透气性好，颜色也很耐看。"
"8d46d9fc8406463e883baf7b6b2320bc","2d38140e-ce98-4210-8688-22d4df58f1fb","10120669951099","1650","lululemon丨Soft Jersey 男士短袖针织衫芯吸 LM3ES3S 加热游牧民族/加热生亚麻 M","Soft Jersey","2025-11-05 04:09:28","1762286968770","好评：穿上非常舒适，吸汗透气，适合户外活动。"
"d49a91f2331c4e39b3fb063d1de87b18","17ece09e-d3c0-4fb4-a510-d9406771e987","10164237882145","550","lululemon丨Zeroed In 男士运动短裤 9","Zeroed In","2025-11-05 14:33:36","1762324416171","好评：这款短裤舒适透气，运动时毫无束缚感！"
"a4e0ba8f68a34ad1a09bb04abfc96561","a44ca7ef-ba51-4b5d-8759-821468fdfb0d","10097669813124","760","lululemon丨Daily Stride 女士罗纹中筒袜 *3 双装 LW9FHFS 白色 L","Daily Stride","2025-11-05 14:57:36","1762325856950","好评：穿起来舒适透气，颜色也很好看。"
"674e23d809ff4e5f956fca0dc1454630","04e2bb73-9ba4-46c1-9af7-74c2060efc32","10112021413182","6480","lululemon丨Softstreme™ 女士高腰长裤 *常规款 LW5GBHS 黑色 L /10","Softstreme™","2025-11-05 15:32:17","1762327937095","好评：版型超级舒适，黑色经典百搭！"
"72ee00ef744f4dd699d2854041898a13","53b0e555-528b-4fb3-afac-7e9769e9d158","10158570948924","1920","lululemon丨Align™ 女士运动高腰紧身短裤 8","Align™","2025-11-05 16:03:20","1762329800815","好评：穿起来超级舒适，运动时也不会移位。"
"2a6ce47283af43878cbcbf9c4f408eeb","a3d27769-4953-4b92-a3e2-01892f647446","10163351867613","280","lululemon丨Focuser™ 女士低圆领运动内衣 A/B 芯吸 LW2EHJS 白色 XS","Focuser™","2025-11-05 16:58:32","1762333112542","好评：穿着舒适，breathable材质，运动不勒胸。"
"7c36efa12bb24df09ebd74a703ebf12b","54ef4698-3b2b-4128-ba58-47f5aa4071d6","10147776908490","5250","lululemon丨Align™ 女士运动高腰中长紧身裤 21","Align™","2025-11-05 17:10:15","1762333815787","好评：穿着舒适，弹性十足，非常适合运动。"
"efe1c2d0f80a4d5a9b5714b59251ec73","54ef4698-3b2b-4128-ba58-47f5aa4071d6","10163353673211","5120","lululemon丨Classic-Fit Ventilated 女士跑步经典剪裁通风夹克 LW4BYZS 白色 S /6","Classic-Fit Ventilated","2025-11-05 17:21:01","1762334461947","好评：透气舒适，白色百搭，非常适合户外跑步。"
"6061a880f6104e15aeb970140f307d3f","4b942fdd-1628-42e5-996f-5da408136aa7","10137360071809","2100","lululemon丨All It Takes 女士后侧锁孔运动背心*罗纹 Nulu™ LW1FNUS 朦胧粉 XS /4","All It","2025-11-05 17:30:53","1762335053815","好评：面料舒适，透气性好，运动时很合身！"
"9ae823e0a6bf4f918d6f1a93aabfc5b7","9c9a5fb1-1223-4f4f-abd2-125259cafcc9","10103377971541","3850","lululemon丨Metal Vent Tech 男士运动短袖 T 恤 透气 LM3DOWS 运动上衣 石墨灰/黑 M","Metal Vent","2025-11-05 17:34:03","1762335243056","这款T恤透气性很好，穿着舒适，好评！"
"f7666e1f53ed468baeb69bdaf9ba37b4","7e039977-efaf-46cb-91d6-47e727531403","10067416338915","500","lululemon丨Grid Tech 男士长裤 LM5577S 石墨灰 M","Grid Tech","2025-11-05 17:42:26","1762335746063","好评：面料舒适透气，非常适合运动穿。"
"c59cc5f6b1434e28a1284d0ef4883816","17ece09e-d3c0-4fb4-a510-d9406771e987","10159663225944","6480","lululemon丨Define 女士夹克 *Nulu™ 芯吸 LW4CFOS 雾绿 L /10","Define","2025-11-05 18:46:01","1762339561203","好评：这款夹克透气性好，颜色漂亮，非常满意！"
"36c60fd1dfd94df9a7965c93d6e20927","04e2bb73-9ba4-46c1-9af7-74c2060efc32","10063930135996","10080","lululemon丨Cross Chill 女士运动夹克 LW4BOHS 黑色 3XS /0","Cross Chill","2025-11-05 20:12:53","1762344773286","差评：穿上不久就发现有明显线头，质量差。"
"9dc8aed2ff5b4cf6bc1c68fd27ebc6b4","4b942fdd-1628-42e5-996f-5da408136aa7","10137933476135","2400","lululemon丨Hold Tight 女士平直下围紧身短款 T 恤 LW3IGAS 蔷薇粉 XS /4","Hold Tight","2025-11-05 20:30:59","1762345859262","好评：面料柔软，设计时尚，穿着舒适！"
"735fae9920ad43428a95db46f5124fbf","04e2bb73-9ba4-46c1-9af7-74c2060efc32","10163360532999","9720","lululemon丨Balancer Woven 男士运动宽松剪裁长裤 *常规款 LM5BC9S 黑色 M","Balancer Woven","2025-11-05 21:11:00","1762348260755","好评：版型舒适，黑色耐看，运动时非常自在。"
"f93babd1d26340bc91c956012de386d3","d0d0c539-2307-493c-a7ea-92258d845f9f","10137428321540","5950","lululemon丨Wunder Train 女士运动高腰紧身裤 25","Wunder Train","2025-11-05 21:43:55","1762350235918","好评：腰围设计完美贴合，穿着舒适又显瘦！"
"9da23a5b42aa481495ad5606f0884a23","484c9f2f-c7ff-48f9-a1d4-382bed43b24b","10158250811557","5440","lululemon丨Lightweight 女士轻盈版高腰网球裙 LW8AK7S 雨林绿 S /6","Lightweight","2025-11-05 21:46:47","1762350407580","好评：穿着舒适，颜色鲜艳活力！"
"f4627db4e1934b62bddee9d80975ae64","3b7bff50-e9b4-4a4a-9b32-3d3b421bf498","10129310177309","4900","lululemon丨Wunderlust 背包 拒水 双肩包 LU9AS8S 军绿/炮铜色 O/S","Wunderlust","2025-11-05 23:42:38","1762357358077","好评：这款lululemon背包容量大，防水效果好，设计时尚实用。"
"1a06c2f001ab49d6880ca2401ace0460","7e039977-efaf-46cb-91d6-47e727531403","10163352339724","450","lululemon丨Metal Vent Tech 男士运动背心 LM1364S 青柠黄绿/雾绿 M","Metal Vent","2025-11-05 23:46:53","1762357613260","好评：透气舒适，运动出汗也不闷热。"
"c8e8af14bce6467c9368c393bc13f979","3b0f11d1-e208-4a5e-96db-37d99aadcf08","10119642687372","840","lululemon丨Clippable Nano 可悬挂收纳包 *拉绒 LU9C85S 草莓奶昔/银色 O/S","Clippable Nano","2025-11-06 01:32:04","1762363924195","好评：设计巧妙，容量大，方便收纳，质量上乘。"
"0bf7d7a49f8c485abedb44dcbc156918","e2e59d28-96c9-4ec1-847c-4630eb28f789","10163360022026","5880","lululemon丨Daydrift™ 女士高腰收腿长裤 LW5HUCA 浅象牙白 M","Daydrift™","2025-11-06 02:52:58","1762368778756","差评：版型偏紧，穿着不舒服。"
"5bb3d773601c4c9c85f77d090c47a714","9c9a5fb1-1223-4f4f-abd2-125259cafcc9","10137114652308","2800","lululemon丨 Align™ 女士运动罗纹吊带裙 LW1FB4S 太阳灰 线上专售 S /6","Align™","2025-11-06 03:01:19","1762369279870","好评：穿上超级舒适，运动出汗也不担心！"
"d7ccfd150a9c45ffba2f638dbc2426a1","7805110a-c3c3-401a-8e5f-1d32a2f4ad44","10153913858349","1160","lululemon丨Align™ 女士两穿抹胸运动背心 LW1FGIS 紫灰 S /6","Align™","2025-11-06 01:37:41","1762364261883","好评：穿着舒适，运动时无束缚感，颜色也很美丽。"
"696dcd76064a457c93cce9cfce8c59ce","d0d0c539-2307-493c-a7ea-92258d845f9f","10106875432312
","6240","lululemon丨High-Rise 女士风琴褶高腰网球裙 LW8ALXS 白色 XXS /2","High-Rise","2025-11-06 03:16:56","1762370216501","好评：这款裙装舒适透气，白色百搭，高腰设计很显气质！"
"ebb5032e4b4148c496febba1e603db81","714e3718-9dc3-4337-976a-2bfadb14d95c","10146450567209","3750","lululemon丨Sojourn 男士夹克 芯吸 LM3CZOS 太阳灰 L","Sojourn","2025-11-06 03:35:05","1762371305108","好评：版型舒适，防晒效果佳，性价比高。"
"59f95131e5d54bdcbff4cf876d5150d0","3b7bff50-e9b4-4a4a-9b32-3d3b421bf498","10176896903499","2880","lululemon丨Dual-Pouch 斜挎包 LU9C16S 暖褐灰/浅象牙白 O/S","Dual-Pouch","2025-11-06 03:39:44","1762371584999","好评：这款斜挎包实用美观，质量上乘，推荐！"
"53200879fc3f4feda4ffc7d41833c66e","2d38140e-ce98-4210-8688-22d4df58f1fb","10162891417963","1280","lululemon丨Like a Cloud 女士细肩带运动内衣 A/B 速干 LW2DUDS 淀粉蓝 L /10","Like a","2025-11-06 03:41:20","1762371680063","好评：穿起来超级舒服，运动时完全不勒人！"
"cd93ca47b767452c8a8905e7cdf55441","7805110a-c3c3-401a-8e5f-1d32a2f4ad44","10135721469998","2720","lululemon丨On My Level 女士小款手袋 LW9FNDS 黑/金 O/S","On My","2025-11-06 05:03:05","1762376585811","好评：质量很好，设计时尚，容量适中，推荐！"
"5aa349b6839e4a5bb92aa38086f71383","484c9f2f-c7ff-48f9-a1d4-382bed43b24b","10162878192196","1260","lululemon丨All Yours 女士棉混纺短款 T 恤 LW3IP2S 淀粉蓝 XS","All Yours","2025-11-06 06:02:28","1762380148511","好评：面料舒适，颜色鲜艳，尺寸合适。"
"9fdd62284e7540de9a12d9ef7e7617c7","04e2bb73-9ba4-46c1-9af7-74c2060efc32","10046746669896","1650","lululemon丨Surge 男士运动短裤 6","Surge","2025-11-06 07:05:22","1762383922222","这款短裤舒适透气，运动时非常自在！（好评）"
"0806f001deac42d7bea9a920d309d7c2","a3d27769-4953-4b92-a3e2-01892f647446","10119900815744","3600","lululemon丨Swiftly Tech 女士运动短款长袖 T 恤 2.0 LW3GH4S 石板灰/白 S /6","Swiftly Tech","2025-11-06 09:18:34","1762391914583","好评：穿起来非常舒适，透气性好，运动时很合适。"
"cf3939c74a18444483695e5bcecd61c3","3b0f11d1-e208-4a5e-96db-37d99aadcf08","10151683566676","8280","lululemon丨Water-Repellent Stretch 女士网球夹克 拒水 LW4BXKS 清凉蓝 XS /4","Water-Repellent Stretch","2025-11-06 09:19:58","1762391998632","好评：面料透气，设计美观，穿上运动感十足！"
"7782fe8097ce40f4a48a9ce2d483f147","e2e59d28-96c9-4ec1-847c-4630eb28f789","10120074154620","8280","lululemon丨Gym 运动健身包 LU9BRKS 黑/星际灰 O/S","Gym","2025-11-06 09:55:43","1762394143560","好评：设计美观，容量大，背起来也很舒适。"
"24cc4b0955954c71a584ffed91df580a","54ef4698-3b2b-4128-ba58-47f5aa4071d6","10137925562350","4320","lululemon丨Dance Studio 女士宽松剪裁中腰工装裤 拒水 LW5GOEA 黑色 M","Dance Studio","2025-11-06 09:56:00","1762394160419","好评：裤型宽松舒适，黑色经典百搭，质量上乘！"
"599f435e378049f489911437c9efa96e","5cf5450e-5e62-412c-9bf3-71fde943541f","10152080062465","3120","lululemon丨Modal-Blend 女士莫代尔混纺高腰 A 字中长裙 LW8AN6S 太阳灰 L","Modal-Blend","2025-11-06 10:26:32","1762395992413","好评：版型舒适，面料透气，太阳灰颜色超级百搭！"
"077a9ee5dd294a028f81d45284729524","ea160fa2-6f01-4769-ab11-e0230256a93c","10150603722759","2200","lululemon丨Soft Jersey 男士短袖针织衫芯吸 LM3ES3S 杂色经典海军蓝/杂色海军蓝 M","Soft Jersey","2025-11-06 11:38:06","1762400286266","好评：这款针织衫穿着舒适，颜色经典大方。"
"a7d23bf30c384cde890a417a56441eda","54ef4698-3b2b-4128-ba58-47f5aa4071d6","10120669951099","1100","lululemon丨Soft Jersey 男士短袖针织衫芯吸 LM3ES3S 加热游牧民族/加热生亚麻 M","Soft Jersey","2025-11-06 11:43:30","1762400610998","好评：这款针织衫穿着舒适，保暖性能好，颜色也很鲜艳！"
"9f198ab44a594575bcab9dfd751adc26","e2e59d28-96c9-4ec1-847c-4630eb28f789","10164237882145","3300","lululemon丨Zeroed In 男士运动短裤 9","Zeroed In","2025-11-06 12:24:50","1762403090908","好评：这款短裤透气舒适，运动时简直完美！"
"ab7fa4af2ec74cd9bbbcad17d4da7071","fced0ce9-3e87-467b-90ff-07f8919e2d14","10097669813124","1520","lululemon丨Daily Stride 女士罗纹中筒袜 *3 双装 LW9FHFS 白色 L","Daily Stride","2025-11-06 14:17:50","1762409870141","好评：这款袜子穿起来非常舒适，脚感很好！"
"9cb7bbc7a7294aad83a580470635359d","53b0e555-528b-4fb3-afac-7e9769e9d158","10112021413182","7560","lululemon丨Softstreme™ 女士高腰长裤 *常规款 LW5GBHS 黑色 L /10","Softstreme™","2025-11-06 14:22:28","1762410148957","好评：黑色真丝裤子质感超级好，舒适度满分！"
"b6afd8e18f864d4c96deac109b099f7e","dcbb8868-20e8-4b2f-a1a4-9fb695c1f660","10158570948924","3840","lululemon丨Align™ 女士运动高腰紧身短裤 8","Align™","2025-11-06 03:24:28","1762370668503","好评：穿起来非常舒适，运动时也不会下滑。"
"d130f47d767742d094f8823f87f9fb0f","714e3718-9dc3-4337-976a-2bfadb14d95c","10163351867613","1680","lululemon丨Focuser™ 女士低圆领运动内衣 A/B 芯吸 LW2EHJS 白色 XS","Focuser™","2025-11-06 15:29:27","1762414167545","好评：这款运动内衣非常舒适，支撑力十足，白色也很百搭。"
"2d3702f7cdbb4fddb1521de15af93cf7","ea160fa2-6f01-4769-ab11-e0230256a93c","10147776908490","6750","lululemon丨Align™ 女士运动高腰中长紧身裤 21","Align™","2025-11-06 15:52:28","1762415548764","好评：穿着舒适，高腰设计很合适，运动时不会下滑。"
"c153ac7934bd433a8003b80783e1e1d6","cd27396f-37ae-4388-9f53-26cc9288ce91","10163353673211","10240","lululemon丨Classic-Fit Ventilated 女士跑步经典剪裁通风夹克 LW4BYZS 白色 S /6","Classic-Fit Ventilated","2025-11-06 16:02:09","1762416129879","好评：这款夹克透气性好，非常适合夏季跑步，很推荐！"
"3801ce8754294b82b805a3521bce904e","7e039977-efaf-46cb-91d6-47e727531403","10137360071809","2400","lululemon丨All It Takes 女士后侧锁孔运动背心*罗纹 Nulu™ LW1FNUS 朦胧粉 XS /4","All It","2025-11-06 16:13:11","1762416791823","好评：穿着舒适透气，运动时无拘束感，颜色也很漂亮！"
"d79684699a424dfabb2d1bc0de578180","57d00132-25fd-471e-9dd0-a11bb2a66455","10103377971541","2750","lululemon丨Metal Vent Tech 男士运动短袖 T 恤 透气 LM3DOWS 运动上衣 石墨灰/黑 M","Metal Vent","2025-11-06 17:33:18","1762421598769","好评：透气性极好，穿上特别舒服！"
"74c4efba93ff4d3b8214b96b7f5a6ef4","7805110a-c3c3-401a-8e5f-1d32a2f4ad44","10067416338915","500","lululemon丨Grid Tech 男士长裤 LM5577S 石墨灰 M","Grid Tech","2025-11-06 08:54:44","1762390484441","好评：版型舒适，透气性极佳，石墨灰也很百搭。"
"a51a5a4a93fb4f87bf94df958b8100c1","771c7346-c99f-4c13-84cc-a227c37e4f73","10159663225944","8640","lululemon丨Define 女士夹克 *Nulu™ 芯吸 LW4CFOS 雾绿 L /10","Define","2025-11-06 18:22:53","1762424573323","好评：版型舒适，颜色漂亮，保暖性好！"
"2c24527bf4684c87a0da68823173304b","2d38140e-ce98-4210-8688-22d4df58f1fb","10063930135996","11760","lululemon丨Cross Chill 女士运动夹克 LW4BOHS 黑色 3XS /0","Cross Chill","2025-11-06 20:01:33","1762430493865","差评：夹克质量差，面料薄且易皱。"
"fdadc7466b974ae3aa29abe38c1e7d3a","04e2bb73-9ba4-46c1-9af7-74c2060efc32","10137933476135","2100","lululemon丨Hold Tight 女士平直下围紧身短款 T 恤 LW3IGAS 蔷薇粉 XS /4","Hold Tight","2025-11-06 20:32:48","1762432368785","这件T恤质量不错，穿上很舒适，但尺码偏小。"
"1618af44f6d444449e2f1ebb1b24ab3e","3b7bff50-e9b4-4a4a-9b32-3d3b421bf498","10163360532999","6480","lululemon丨Balancer Woven 男士运动宽松剪裁长裤 *常规款 LM5BC9S 黑色 M","Balancer Woven","2025-11-06 21:24:21","1762435461078","好评：这款运动裤舒适度极高，黑色经典百搭！"
"b4cc937e956c492ca9c4e4dbb80f9d28","fced0ce9-3e87-467b-90ff-07f8919e2d14","10137428321540","5100","lululemon丨Wunder Train 女士运动高腰紧身裤 25","Wunder Train","2025-11-06 21:27:17","1762435637056","好评：弹性极好，高腰设计很舒适，运动中不下滑。"
"ff041611d4d84a3b92cbc4f843d8945f","484c9f2f-c7ff-48f9-a1d4-382bed43b24b","10158250811557","5440","lululemon丨Lightweight 女士轻盈版高腰网球裙 LW8AK7S 雨林绿 S /6","Lightweight","2025-11-06 21:40:41","1762436441211","好评：穿起来超级舒适，活动自如，颜色也很亮眼！"
"327552fdae514fb484b8d3a5adf15526","8ccf2fcf-287c-4a5c-ab0f-6708248216f6","10129310177309","980","lululemon丨Wunderlust 背包 拒水 双肩包 LU9AS8S 军绿/炮铜色 O/S","Wunderlust","2025-11-06 22:20:24","1762438824059","好评：设计简约实用，防水性能出色，背负舒适。"
"477388d55448477090d06abc32eed601","04e2bb73-9ba4-46c1-9af7-74c2060efc32","10163352339724","2700","lululemon丨Metal Vent Tech 男士运动背心 LM1364S 青柠黄绿/雾绿 M","Metal Vent","2025-11-06 22:49:51","1762440591711","好评：透气舒适，运动时无负担，颜色也很亮眼！"
"774f75da5caf47e3bf5dc569a1659a33","04e2bb73-9ba4-46c1-9af7-74c2060efc32","10154996630416","400","lululemon丨All It Takes女士运动 T恤 *罗纹Nulu™ 速干 LW3GV0S 橡木棕 XS /4","All It","2025-11-06 23:02:18","1762441338630","好评：穿起来非常舒适，吸汗速度快，颜色也很显气质。"
"05013670656c4e26a268f484a49fe88f","dcbb8868-20e8-4b2f-a1a4-9fb695c1f660","10119642687372","1400","lululemon丨Clippable Nano 可悬挂收纳包 *拉绒 LU9C85S 草莓奶昔/银色 O/S","Clippable Nano","2025-11-07 01:02:55","1762448575311","好评：设计独特，容量大，很方便携带和收纳。"
"d8ea2d05f05c46418923ef0300a09cd4","53b0e555-528b-4fb3-afac-7e9769e9d158","10163360022026","980","lululemon丨Daydrift™ 女士高腰收腿长裤 LW5HUCA 浅象牙白 M","Daydrift™","2025-11-07 01:11:04","1762449064128","差评：质量一般，穿了几次就掉色了。"
"877111a466ee4667982c1eb9d0717bcd","78d88d26-6ca6-401f-aec2-774c52d8593b","10137114652308","1400","lululemon丨 Align™ 女士运动罗纹吊带裙 LW1FB4S 太阳灰 线上专售 S /6","Align™","2025-11-07 01:05:17","1762448717617","好评：质量很好，穿着舒适，颜色也很提气质。"
"643db33f143b4f459e0dffefdf06f89b","06ad50ee-ea09-468a-ad0e-4eecdeee7bad","10153913858349","4640","lululemon丨Align™ 女士两穿抹胸运动背心 LW1FGIS 紫灰 S /6","Align™","2025-11-07 01:42:23","1762450943519","好评：面料透气舒适，运动时非常合适。"
"a6b4283c12034899a4fd4417f8ce2b28","714e3718-9dc3-4337-976a-2bfadb14d95c","10106875432312
","4680","lululemon丨High-Rise 女士风琴褶高腰网球裙 LW8ALXS 白色 XXS /2","High-Rise","2025-11-07 02:11:52","1762452712463","好评：穿着舒适透气，高腰设计很显瘦。"
"e2fb132317464643a905c94a7c81ec37","714e3718-9dc3-4337-976a-2bfadb14d95c","10146450567209","3750","lululemon丨Sojourn 男士夹克 芯吸 LM3CZOS 太阳灰 L","Sojourn","2025-11-07 03:03:31","1762455811581","好评：版型合适，保暖性能好，颜色也很时尚。"
"548085fce96d49ecb222da0e85c00d50","7805110a-c3c3-401a-8e5f-1d32a2f4ad44","10176896903499","960","lululemon丨Dual-Pouch 斜挎包 LU9C16S 暖褐灰/浅象牙白 O/S","Dual-Pouch","2025-11-07 03:30:53","1762457453265","好评：设计时尚，容量适中，携带方便，质量上乘。"
"72dabf28dfdb459eb427393320be98cd","54ef4698-3b2b-4128-ba58-47f5aa4071d6","10162891417963","640","lululemon丨Like a Cloud 女士细肩带运动内衣 A/B 速干 LW2DUDS 淀粉蓝 L /10","Like a","2025-11-07 00:01:40","1762444900232","好评：穿着舒适，肩带不勒，运动时很安心。"
"4d5bf79f57c1487aa27be9a45fe36229","53b0e555-528b-4fb3-afac-7e9769e9d158","10135721469998","4080","lululemon丨On My Level 女士小款手袋 LW9FNDS 黑/金 O/S","On My","2025-11-07 03:57:36","1762459056829","差评：质量一般，用了一次就坏了。"
"0f315af78c1d4b7eac77e93e65b0641d","7805110a-c3c3-401a-8e5f-1d32a2f4ad44","10162878192196","2940","lululemon丨All Yours 女士棉混纺短款 T 恤 LW3IP2S 淀粉蓝 XS","All Yours","2025-11-07 04:08:30","1762459710985","好评：穿着舒适，颜色鲜艳，洗涤后不变形。"
"045e000c5e8245b390b61dbb43d29123","54ef4698-3b2b-4128-ba58-47f5aa4071d6","10046746669896","3300","lululemon丨Surge 男士运动短裤 6","Surge","2025-11-07 05:13:40","1762463620493","好评：这款短裤舒适透气，运动时非常自在！"
"4f75c41c0710460e950636ea309d4320","5cf5450e-5e62-412c-9bf3-71fde943541f","10119900815744","2000","lululemon丨Swiftly Tech 女士运动短款长袖 T 恤 2.0 LW3GH4S 石板灰/白 S /6","Swiftly Tech","2025-11-07 05:54:26","1762466066950","好评：这款T恤透气性很好，穿着舒适，运动时很适合。"
"1ea58b3ff5604a6bbbf59d94990ce639","7805110a-c3c3-401a-8e5f-1d32a2f4ad44","10151683566676","4140","lululemon丨Water-Repellent Stretch 女士网球夹克 拒水 LW4BXKS 清凉蓝 XS /4","Water-Repellent Stretch","2025-11-07 02:16:53","1762453013864","好评：面料透气，款式时尚，穿着舒适！"
"94f05a26b17b420d9f95e8c256017b5e","f26a76dd-b0ac-452d-bd36-48e86f9802c9","10120074154620","5520","lululemon丨Gym 运动健身包 LU9BRKS 黑/星际灰 O/S","Gym","2025-11-07 07:32:54","1762471974834","好评：这款运动包容量大，质量好，背着也很舒服。"
"fd929411a0d446df808d80d6b33b189b","cd27396f-37ae-4388-9f53-26cc9288ce91","10137925562350","9720","lululemon丨Dance Studio 女士宽松剪裁中腰工装裤 拒水 LW5GOEA 黑色 M","Dance Studio","2025-11-07 07:45:12","1762472712267","好评：这款工装裤穿着舒适，黑色百搭，质量不错！"
"f4260751fac54216b52f729a8a4e7f92","714e3718-9dc3-4337-976a-2bfadb14d95c","10152080062465","3640","lululemon丨Modal-Blend 女士莫代尔混纺高腰 A 字中长裙 LW8AN6S 太阳灰 L","Modal-Blend","2025-11-07 08:06:48","1762474008899","好评：这款裙子穿着舒适，遮肉效果好，推荐！"
"0af4d480ffb04cb99c3f052c5c3a01be","e2e59d28-96c9-4ec1-847c-4630eb28f789","10150603722759","1650","lululemon丨Soft Jersey 男士短袖针织衫芯吸 LM3ES3S 杂色经典海军蓝/杂色海军蓝 M","Soft Jersey","2025-11-07 08:51:20","1762476680788","好评：穿着舒适透气，色彩搭配新颖独特。"
"2f3a7006ef4c4bcba69f1ba1469d6366","54ef4698-3b2b-4128-ba58-47f5aa4071d6","10120669951099","4400","lululemon丨Soft Jersey 男士短袖针织衫芯吸 LM3ES3S 加热游牧民族/加热生亚麻 M","Soft Jersey","2025-11-07 08:54:23","1762476863932","好评：穿着舒适，吸汗透气，保暖效果好！"
"e00bdea0a4794499b2af5757ccbd5c5d","3b7bff50-e9b4-4a4a-9b32-3d3b421bf498","10164237882145","550","lululemon丨Zeroed In 男士运动短裤 9","Zeroed In","2025-11-07 09:22:52","1762478572128","好评：这款短裤穿着舒适，运动时完全无感！"
"0a316a235ec54d5a82b02cec7919bbeb","3a3b8ad7-b86e-45de-bbc6-9878930b128b","10097669813124","1520","lululemon丨Daily Stride 女士罗纹中筒袜 *3 双装 LW9FHFS 白色 L","Daily Stride","2025-11-07 09:22:52","1762478572177","好评：舒适透气，日常运动的最佳选择！"
"fc09ea3677cf44c981be5390bfc4c039","5cf5450e-5e62-412c-9bf3-71fde943541f","10112021413182","4320","lululemon丨Softstreme™ 女士高腰长裤 *常规款 LW5GBHS 黑色 L /10","Softstreme™","2025-11-07 09:47:31","1762480051255","好评：这款裤子舒适度高，黑色耐看，推荐！"
"a6b11aff12b94bf282bd1544941ef075","3b7bff50-e9b4-4a4a-9b32-3d3b421bf498","10158570948924","1920","lululemon丨Align™ 女士运动高腰紧身短裤 8","Align™","2025-11-07 09:49:05","1762480145337","好评：这款短裤弹力十足，穿起来非常舒适，运动时丝毫没有束缚感。"
"b2a9476f7dcb4603848d2afff0dca766","7e0fdabb-71e2-49ea-b573-f4ab324a1655","10163351867613","1120","lululemon丨Focuser™ 女士低圆领运动内衣 A/B 芯吸 LW2EHJS 白色 XS","Focuser™","2025-11-07 11:11:05","1762485065957","好评：穿着舒适，吸汗效果好，适合运动时穿着。"
"d2aea2d7368d4eaeb7af4a7d15edfff4","64d722c6-04c4-4454-8eec-1b245f7c35cb","10147776908490","1500","lululemon丨Align™ 女士运动高腰中长紧身裤 21","Align™","2025-11-07 11:35:31","1762486531509","好评：面料舒适，弹性十足，运动时无束缚感。"
"8ef53346c08c4e1c94cc2620ef327029","3a3b8ad7-b86e-45de-bbc6-9878930b128b","10163353673211","6400","lululemon丨Classic-Fit Ventilated 女士跑步经典剪裁通风夹克 LW4BYZS 白色 S /6","Classic-Fit Ventilated","2025-11-07 12:20:09","1762489209980","好评：透气性极佳，非常适合夏天跑步！"
"8a39fb725c0a4b8f9a88d2144dc40005","d0d0c539-2307-493c-a7ea-92258d845f9f","10137360071809","1500","lululemon丨All It Takes 女士后侧锁孔运动背心*罗纹 Nulu™ LW1FNUS 朦胧粉 XS /4","All It","2025-11-07 12:24:47","1762489487866","好评：设计时尚，穿着舒适，运动时无束缚感，非常推荐！"
"2946c3f9948a4f23ac2c83a09b2ab62a","8df90abc-0070-4628-8047-a541d5cef4ee","10103377971541","2750","lululemon丨Metal Vent Tech 男士运动短袖 T 恤 透气 LM3DOWS 运动上衣 石墨灰/黑 M","Metal Vent","2025-11-07 12:37:57","1762490277645","好评：石墨灰非常百搭，透气功能很棒，运动时很舒适！"
"801d3163cd524a5bbf5c8f1f9177ebc7","3b7bff50-e9b4-4a4a-9b32-3d3b421bf498","10067416338915","3000","lululemon丨Grid Tech 男士长裤 LM5577S 石墨灰 M","Grid Tech","2025-11-07 13:00:32","1762491632939","好评：这款长裤舒适度极高，石墨灰超级百搭！"
"bc0407d71db847e38e2e778608b6e505","cd27396f-37ae-4388-9f53-26cc9288ce91","10159663225944","6480","lululemon丨Define 女士夹克 *Nulu™ 芯吸 LW4CFOS 雾绿 L /10","Define","2025-11-07 13:20:29","1762492829444","好评：雾绿色真漂亮，穿着舒适透气，款式时尚！"
"b3935eb67cb644058d058d5c0b7f9c67","3b0f11d1-e208-4a5e-96db-37d99aadcf08","10063930135996","5040","lululemon丨Cross Chill 女士运动夹克 LW4BOHS 黑色 3XS /0","Cross Chill","2025-11-07 13:41:08","1762494068178","差评：透气性差，穿上特别闷热。"
"cd3a3798689a4cceb8d9e202351b8486","a44ca7ef-ba51-4b5d-8759-821468fdfb0d","10137933476135","300","lululemon丨Hold Tight 女士平直下围紧身短款 T 恤 LW3IGAS 蔷薇粉 XS /4","Hold Tight","2025-11-07 13:56:26","1762494986532","好评：穿上超级舒适，颜色也很粉嫩！"
"91b57bc9ae4f4abd94fd2d45d23461d8","7e039977-efaf-46cb-91d6-47e727531403","10163360532999","5400","lululemon丨Balancer Woven 男士运动宽松剪裁长裤 *常规款 LM5BC9S 黑色 M","Balancer Woven","2025-11-07 16:25:28","1762503928178","好评：穿着舒适，黑色经典，推荐！"
"7689560463c5437d8a7b0e95c7583181","6f81f325-8710-4332-908f-21e9cd0806a9","10137428321540","5950","lululemon丨Wunder Train 女士运动高腰紧身裤 25","Wunder Train","2025-11-07 17:49:39","1762508979490","好评：穿着舒适，紧身设计很显瘦！"
"546428037df04bae818561872c56d88d","64d722c6-04c4-4454-8eec-1b245f7c35cb","10158250811557","4080","lululemon丨Lightweight 女士轻盈版高腰网球裙 LW8AK7S 雨林绿 S /6","Lightweight","2025-11-07 18:06:44","1762510004887","好评：这款网球裙穿起来非常舒适，颜色也很抢眼！"
"268e9a9dedf74687add2cc3853950322","7805110a-c3c3-401a-8e5f-1d32a2f4ad44","10129310177309","7840","lululemon丨Wunderlust 背包 拒水 双肩包 LU9AS8S 军绿/炮铜色 O/S","Wunderlust","2025-11-07 18:13:47","1762510427442","好评：质量很好，防水设计实用，背肩都很舒服！"
"5c0475cf30ff4e358a921b2d8f478339","7e039977-efaf-46cb-91d6-47e727531403","10163352339724","900","lululemon丨Metal Vent Tech 男士运动背心 LM1364S 青柠黄绿/雾绿 M","Metal Vent","2025-11-07 18:18:25","1762510705369","好评：透气性强，运动时非常舒适！"
"7da2e0fcef2448bfa2c35fd9fdfd6655","a44ca7ef-ba51-4b5d-8759-821468fdfb0d","10154996630416","400","lululemon丨All It Takes女士运动 T恤 *罗纹Nulu™ 速干 LW3GV0S 橡木棕 XS /4","All It","2025-11-07 18:53:19","1762512799590","好评：这件T恤穿着舒适，吸汗速干，橡木棕的颜色也很复古雅致。"
"f51ce66258e1458fac1479f09ed2e42a","8ccf2fcf-287c-4a5c-ab0f-6708248216f6","10157570232238","3150","lululemon丨Fast and Free 运动腰包 LU9BXLS 薰衣草霜紫 S/M","Fast and","2025-11-07 19:20:41","1762514441539","好评：设计时尚，颜色漂亮，携带方便。"
"ff1d2c2e60dd4384959d5bf4d630320e","fced0ce9-3e87-467b-90ff-07f8919e2d14","10115159936647","5900","lululemon丨Wunderlust 邮差包 LU9BVTS 黑色 O/S","Wunderlust","2025-11-07 19:39:43","1762515583180","差评：质量一般，背带容易脱落。"
"0ff553858d704ffdb1e4e6dc924f6992","57d00132-25fd-471e-9dd0-a11bb2a66455","10135440997409","2400","lululemon丨Relaxed-Fit 女士宽松剪裁船型领口长袖 T 恤 LW3IOJS 浅象牙白 XS /4","Relaxed-Fit","2025-11-07 21:14:41","1762521281846","好评：穿上非常舒适，版型也很合适！"
"a2c61ef8b5a54c2aace20ae2484b917b","e043ac3d-a67e-4dd6-8c88-00fe7935e43c","10134656868768","2880","lululemon丨Rulu 女士长袖亨利衫 LW3IU0S 石墨灰 S","Rulu","2025-11-07 21:46:18","1762523178940","好评：穿着舒适透气，石墨灰百搭时尚！"
"7226b267f4594258a795b94dd5d85c08","e2e59d28-96c9-4ec1-847c-4630eb28f789","10096728354226","3120","lululemon丨Canvas 女士帆布渔夫帽 LW9FA5S 莫哈韦棕褐色/浅象牙色 S/M","Canvas","2025-11-07 08:43:39","1762476219980","好评：设计时尚，佩戴舒适，防晒效果不错！"
"98acc73a43fa43bc9891195ff386c21a","6f81f325-8710-4332-908f-21e9cd0806a9","10154157695017","1260","lululemon丨Energy 女士运动内衣 LW2AYSS 多彩混色 XXS /2","Energy","2025-11-07 22:58:57","1762527537300","好评：这款运动内衣舒适透气，色彩鲜艳，非常适合运动时穿着。"
"8c786420eb464cb797a4403d4b0eadb2","7e0fdabb-71e2-49ea-b573-f4ab324a1655","10057784522933","960","lululemon丨The Mat 双面瑜伽垫 3mm LU9AGBS 露珠粉/水彩粉/白/露珠粉 3mm","The Mat","2025-11-07 23:09:11","1762528151249","好评：这款瑜伽垫防滑舒适，颜色也很清新！"
"c7c0c392c66f4c34a55be8749855df61","7e039977-efaf-46cb-91d6-47e727531403","10155466065132","2900","lululemon丨Swiftly Tech 女士运动短款 T 恤 2.0 LW3GZHS 淀粉蓝/淀粉蓝 XS /4","Swiftly Tech","2025-11-07 23:53:43","1762530823306","好评：面料舒适，版型修身，运动时很透气。"
"6fe7557402d54473a34acda5d1022d62","e2e59d28-96c9-4ec1-847c-4630eb28f789","10158263737925","3600","lululemon丨FlexyFlex 女士瑜伽交叉肩带运动内衣 A-C LW2EG5S 暖褐灰 S /M","FlexyFlex","2025-11-07 23:55:31","1762530931123","差评：穿起来有点紧，不太舒服。"
"2cbb61e6ca594f258295b6b9b75d4632","53b0e555-528b-4fb3-afac-7e9769e9d158","10119642687372","1120","lululemon丨Clippable Nano 可悬挂收纳包 *拉绒 LU9C85S 草莓奶昔/银色 O/S","Clippable Nano","2025-11-08 01:15:16","1762535716072","好评：设计简约，容量适中，使用方便，推荐！"
"af0e1d94d07846908e32be4921153b34","7e0fdabb-71e2-49ea-b573-f4ab324a1655","10163360022026","7840","lululemon丨Daydrift™ 女士高腰收腿长裤 LW5HUCA 浅象牙白 M","Daydrift™","2025-11-08 01:21:43","1762536103598","好评：面料舒适，版型修身，非常满意！"
"d467ac403e2a44d0a330858582f9c262","8ccf2fcf-287c-4a5c-ab0f-6708248216f6","10137114652308","2800","lululemon丨 Align™ 女士运动罗纹吊带裙 LW1FB4S 太阳灰 线上专售 S /6","Align™","2025-11-08 01:45:28","1762537528879","好评：穿起来超级舒适，运动出汗也不掉色！"
"8c84515701194e2dbf3efb91847a5f78","7e0fdabb-71e2-49ea-b573-f4ab324a1655","10153913858349","1740","lululemon丨Align™ 女士两穿抹胸运动背心 LW1FGIS 紫灰 S /6","Align™","2025-11-08 02:25:10","1762539910442","好评：这款背心舒适透气，运动时_performance_很棒！"
"94bd3b6327b84734addbde63f42625b4","714e3718-9dc3-4337-976a-2bfadb14d95c","10106875432312
","6240","lululemon丨High-Rise 女士风琴褶高腰网球裙 LW8ALXS 白色 XXS /2","High-Rise","2025-11-08 03:12:25","1762542745100","好评：这款裙子穿着舒适，透气性好，白色百搭，非常适合运动。"
"5615e8380be64098883511e94d200f44","06ad50ee-ea09-468a-ad0e-4eecdeee7bad","10146450567209","2250","lululemon丨Sojourn 男士夹克 芯吸 LM3CZOS 太阳灰 L","Sojourn","2025-11-08 04:13:10","1762546390688","好评：这款夹克穿着舒适，散热性能很好，非常满意！"
"30e3afa24fcd417c987c50f1fb98860e","e043ac3d-a67e-4dd6-8c88-00fe7935e43c","10176896903499","480","lululemon丨Dual-Pouch 斜挎包 LU9C16S 暖褐灰/浅象牙白 O/S","Dual-Pouch","2025-11-08 04:56:20","1762548980507","好评：这款斜挎包设计时尚，容量适中，携带方便，性价比高。"
"b7065e6c63534fec9933e4808fb00791","3b7bff50-e9b4-4a4a-9b32-3d3b421bf498","10162891417963","640","lululemon丨Like a Cloud 女士细肩带运动内衣 A/B 速干 LW2DUDS 淀粉蓝 L /10","Like a","2025-11-08 03:33:15","1762543995323","好评：穿着舒适，吸汗快干，颜色鲜艳！"
"b22bcaa4d65840e8bf1f76b65a120d9f","d0d0c539-2307-493c-a7ea-92258d845f9f","10135721469998","5440","lululemon丨On My Level 女士小款手袋 LW9FNDS 黑/金 O/S","On My","2025-11-08 02:05:49","1762538749861","好评：设计时尚，做工精致，容量适中，非常满意！"
"983ecfae55de4549b9fdc248ab7daf6a","6f81f325-8710-4332-908f-21e9cd0806a9","10162878192196","840","lululemon丨All Yours 女士棉混纺短款 T 恤 LW3IP2S 淀粉蓝 XS","All Yours","2025-11-08 05:50:04","1762552204734","好评：穿着舒适透气，颜色鲜艳漂亮！"
"3c099b6012bd48d9bf64245ffb294d67","8df90abc-0070-4628-8047-a541d5cef4ee","10046746669896","1650","lululemon丨Surge 男士运动短裤 6","Surge","2025-11-08 06:16:52","1762553812882","这款短裤舒适透气，适合运动穿着。"
"0be484ac753c456399c7293d37ac80b4","3b7bff50-e9b4-4a4a-9b32-3d3b421bf498","10119900815744","3600","lululemon丨Swiftly Tech 女士运动短款长袖 T 恤 2.0 LW3GH4S 石板灰/白 S /6","Swiftly Tech","2025-11-08 06:42:50","1762555370987","好评：透气舒适，运动时无比自在！"
"615e0106de11491c8542f7474130b135","04e2bb73-9ba4-46c1-9af7-74c2060efc32","10151683566676","6900","lululemon丨Water-Repellent Stretch 女士网球夹克 拒水 LW4BXKS 清凉蓝 XS /4","Water-Repellent Stretch","2025-11-08 06:50:59","1762555859142","好评：穿上它打网球既cool又透气，质量呱呱叫！"
"18864299e043446586167c57c2a0551a","7805110a-c3c3-401a-8e5f-1d32a2f4ad44","10120074154620","6900","lululemon丨Gym 运动健身包 LU9BRKS 黑/星际灰 O/S","Gym","2025-11-08 07:10:12","1762557012097","这款运动包质量很好，容量大，推荐！"
"49f7c0215c22413cb627e32340813a5a","57d00132-25fd-471e-9dd0-a11bb2a66455","10137925562350","9720","lululemon丨Dance Studio 女士宽松剪裁中腰工装裤 拒水 LW5GOEA 黑色 M","Dance Studio","2025-11-08 07:20:15","1762557615838","差评：穿了一次就发现腰头松动，质量差。"
"683520a628454dddaa093c9bd0d74094","714e3718-9dc3-4337-976a-2bfadb14d95c","10152080062465","4160","lululemon丨Modal-Blend 女士莫代尔混纺高腰 A 字中长裙 LW8AN6S 太阳灰 L","Modal-Blend","2025-11-08 07:31:49","1762558309323","好评：穿着非常舒适，颜色也很时尚！"
"e255d853d0a64087852b9ce2df5baf8e","fced0ce9-3e87-467b-90ff-07f8919e2d14","10150603722759","1650","lululemon丨Soft Jersey 男士短袖针织衫芯吸 LM3ES3S 杂色经典海军蓝/杂色海军蓝 M","Soft Jersey","2025-11-08 07:37:34","1762558654213","好评：穿起来非常舒适，颜值也很高！"
"fbdce438e407422ba47fd8a6f9e8e476","7805110a-c3c3-401a-8e5f-1d32a2f4ad44","10120669951099","1100","lululemon丨Soft Jersey 男士短袖针织衫芯吸 LM3ES3S 加热游牧民族/加热生亚麻 M","Soft Jersey","2025-11-08 06:18:58","1762553938236","好评：穿着舒适，吸汗保暖，推荐！"
"3cf052ce4541435bb131f427fa3c3f28","3b0f11d1-e208-4a5e-96db-37d99aadcf08","10164237882145","4950","lululemon丨Zeroed In 男士运动短裤 9","Zeroed In","2025-11-08 08:37:42","1762562262485","好评：这款短裤舒适度极佳，非常适合运动时穿着。"
"3d1127ae334546fe99d434e90290280f","54ef4698-3b2b-4128-ba58-47f5aa4071d6","10097669813124","3040","lululemon丨Daily Stride 女士罗纹中筒袜 *3 双装 LW9FHFS 白色 L","Daily Stride","2025-11-08 08:39:43","1762562383790","好评：穿着舒适，颜色洁白如新，性价比高。"
"0715b1f748b94db79ce3328e9a89cee4","8df90abc-0070-4628-8047-a541d5cef4ee","10112021413182","3240","lululemon丨Softstreme™ 女士高腰长裤 *常规款 LW5GBHS 黑色 L /10","Softstreme™","2025-11-08 09:03:35","1762563815435","好评：材质柔软，版型合适，穿着舒适。"
"adf980a465df45f0a0e6062ef64d9cff","ea160fa2-6f01-4769-ab11-e0230256a93c","10158570948924","1440","lululemon丨Align™ 女士运动高腰紧身短裤 8","Align™","2025-11-08 09:34:16","1762565656249","好评：舒适透气，弹力适中，运动时无束缚感。"
"bb27c129fbca4f39bc7452618197c5c4","7e039977-efaf-46cb-91d6-47e727531403","10163351867613","1960","lululemon丨Focuser™ 女士低圆领运动内衣 A/B 芯吸 LW2EHJS 白色 XS","Focuser™","2025-11-08 11:29:31","1762572571185","好评：穿起来非常舒适，吸汗效果很棒！"
"948c7114e965414da4ec6c3f9696e1b7","54ef4698-3b2b-4128-ba58-47f5aa4071d6","10147776908490","750","lululemon丨Align™ 女士运动高腰中长紧身裤 21","Align™","2025-11-08 11:54:38","1762574078528","好评：穿着舒适，弹力十足，透气性好，运动不勒腰。"
"a53d5c0435464f2bb55d69b9f244f847","54ef4698-3b2b-4128-ba58-47f5aa4071d6","10163353673211","6400","lululemon丨Classic-Fit Ventilated 女士跑步经典剪裁通风夹克 LW4BYZS 白色 S /6","Classic-Fit Ventilated","2025-11-08 12:25:46","1762575946842","好评：透气性强，适合夏天跑步，非常舒适。"
"e83d0a11f0cb46179d21097ccc54e307","3a3b8ad7-b86e-45de-bbc6-9878930b128b","10137360071809","2100","lululemon丨All It Takes 女士后侧锁孔运动背心*罗纹 Nulu™ LW1FNUS 朦胧粉 XS /4","All It","2025-11-08 12:44:33","1762577073403","好评：版型合适，面料舒适，运动时透气性很好！"
"96485cbfb9624c6a9edb6dc037cf2d67","ea160fa2-6f01-4769-ab11-e0230256a93c","10103377971541","4950","lululemon丨Metal Vent Tech 男士运动短袖 T 恤 透气 LM3DOWS 运动上衣 石墨灰/黑 M","Metal Vent","2025-11-08 12:45:05","1762577105849","好评：这款短袖透气性超好，运动时非常舒适！"
"65909dd04471427eb856e7c90363eca4","cd27396f-37ae-4388-9f53-26cc9288ce91","10067416338915","3000","lululemon丨Grid Tech 男士长裤 LM5577S 石墨灰 M","Grid Tech","2025-11-08 01:06:34","1762535194151","好评：穿着舒适，透气性很好，运动时非常自在。"
"4d048d8025174d568654c48e0a2753c9","fced0ce9-3e87-467b-90ff-07f8919e2d14","10159663225944","8640","lululemon丨Define 女士夹克 *Nulu™ 芯吸 LW4CFOS 雾绿 L /10","Define","2025-11-08 13:12:48","1762578768638","好评：这款夹克轻薄透气，颜色漂亮，穿着舒适！"
"9682ee5132b64e0c8a47190d226cd0ef","7e039977-efaf-46cb-91d6-47e727531403","10063930135996","10080","lululemon丨Cross Chill 女士运动夹克 LW4BOHS 黑色 3XS /0","Cross Chill","2025-11-08 15:29:41","1762586981323","这款夹克穿起来舒适凉爽，黑色显瘦，好评！"
"df6c4fb1ed1e43658fb0f1636bfc5e42","57d00132-25fd-471e-9dd0-a11bb2a66455","10137933476135","1200","lululemon丨Hold Tight 女士平直下围紧身短款 T 恤 LW3IGAS 蔷薇粉 XS /4","Hold Tight","2025-11-08 15:41:29","1762587689015","好评：穿着舒适透气，颜色粉嫩可爱！"
"9718ff5db33f482ca54623ebef872fdd","d0d0c539-2307-493c-a7ea-92258d845f9f","10163360532999","8640","lululemon丨Balancer Woven 男士运动宽松剪裁长裤 *常规款 LM5BC9S 黑色 M","Balancer Woven","2025-11-08 16:41:29","1762591289135","好评：面料舒适，版型合身，运动时非常自在！"
"42d9ff9a6736404b9dd5a3221973137b","9c9a5fb1-1223-4f4f-abd2-125259cafcc9","10137428321540","2550","lululemon丨Wunder Train 女士运动高腰紧身裤 25","Wunder Train","2025-11-08 19:25:48","1762601148337","好评：这款紧身裤舒适度极高，适合多种运动！"
"e3f3dc0dd2604b21a5c73ac74c27a4ad","53b0e555-528b-4fb3-afac-7e9769e9d158","10158250811557","680","lululemon丨Lightweight 女士轻盈版高腰网球裙 LW8AK7S 雨林绿 S /6","Lightweight","2025-11-08 20:08:22","1762603702368","好评：这款裙子舒适轻盈，绿色清新，非常适合夏季运动！"
"3beb342f515e468b99a518e2c7ee26f3","7e039977-efaf-46cb-91d6-47e727531403","10129310177309","7840","lululemon丨Wunderlust 背包 拒水 双肩包 LU9AS8S 军绿/炮铜色 O/S","Wunderlust","2025-11-08 21:01:26","1762606886718","这款背包质量不错，防污效果很好，推荐！"
"12680a34cb44458eb016dcd6070781ff","8ccf2fcf-287c-4a5c-ab0f-6708248216f6","10163352339724","1800","lululemon丨Metal Vent Tech 男士运动背心 LM1364S 青柠黄绿/雾绿 M","Metal Vent","2025-11-08 21:18:05","1762607885843","这款背心透气性很好，运动时很舒适！"
"747e95f77d904d25ab24d80e4406feee","9c9a5fb1-1223-4f4f-abd2-125259cafcc9","10154996630416","800","lululemon丨All It Takes女士运动 T恤 *罗纹Nulu™ 速干 LW3GV0S 橡木棕 XS /4","All It","2025-11-08 21:34:58","1762608898579","好评：这款T恤穿着舒适，速干性能很好，颜色也很雅致。"
"3b92176642924c76be77690d683dcd98","a44ca7ef-ba51-4b5d-8759-821468fdfb0d","10157570232238","700","lululemon丨Fast and Free 运动腰包 LU9BXLS 薰衣草霜紫 S/M","Fast and","2025-11-08 21:37:28","1762609048559","好评：设计时尚，颜色漂亮，腰部贴合舒适！"
"1e2cad30b26c4b03a0f494d3d6542b69","8ccf2fcf-287c-4a5c-ab0f-6708248216f6","10115159936647","5900","lululemon丨Wunderlust 邮差包 LU9BVTS 黑色 O/S","Wunderlust","2025-11-08 22:10:11","1762611011756","好评：这款邮差包设计时尚，黑色百搭，质量上乘！"
"ef9e2379c01740ef9003e6fc18467407","a3d27769-4953-4b92-a3e2-01892f647446","10135440997409","3600","lululemon丨Relaxed-Fit 女士宽松剪裁船型领口长袖 T 恤 LW3IOJS 浅象牙白 XS /4","Relaxed-Fit","2025-11-08 22:35:46","1762612546712","好评：版型舒适，面料透气，浅象牙白真漂亮！"
"ac8206d048074d6cb445f69ca8f8e00c","7e0fdabb-71e2-49ea-b573-f4ab324a1655","10134656868768","3360","lululemon丨Rulu 女士长袖亨利衫 LW3IU0S 石墨灰 S","Rulu","2025-11-08 23:44:28","1762616668761","好评：穿着舒适，透气性好，石墨灰百搭时尚！"
"29f5f9c44753464786cc517a16aafa82","7805110a-c3c3-401a-8e5f-1d32a2f4ad44","10096728354226","4680","lululemon丨Canvas 女士帆布渔夫帽 LW9FA5S 莫哈韦棕褐色/浅象牙色 S/M","Canvas","2025-11-08 23:46:17","1762616777901","好评：帽型舒适，颜色美观，防晒效果好！"
"575e55d41f104e39b127db7f49e8875c","7805110a-c3c3-401a-8e5f-1d32a2f4ad44","10119642687372","1400","lululemon丨Clippable Nano 可悬挂收纳包 *拉绒 LU9C85S 草莓奶昔/银色 O/S","Clippable Nano","2025-11-09 00:48:08","1762620488472","好评：设计新颖，携带方便，容量合适，质量上乘。"
"0aeb59edba1e4062a07204b3468a57c9","64d722c6-04c4-4454-8eec-1b245f7c35cb","10163360022026","4900","lululemon丨Daydrift™ 女士高腰收腿长裤 LW5HUCA 浅象牙白 M","Daydrift™","2025-11-09 01:18:01","1762622281016","好评：穿着舒适透气，颜色漂亮，运动时非常适合。"
"68a81276a26d4f1fa27d60e8f0cdf669","4183985d-5991-4257-be78-a7a0672cf5ef","10137114652308","2100","lululemon丨 Align™ 女士运动罗纹吊带裙 LW1FB4S 太阳灰 线上专售 S /6","Align™","2025-11-09 01:25:35","1762622735822","好评：穿起来舒适自在，颜色漂亮！"
"5ad0929271d84201b33401bb1c9cfd55","64d722c6-04c4-4454-8eec-1b245f7c35cb","10153913858349","4640","lululemon丨Align™ 女士两穿抹胸运动背心 LW1FGIS 紫灰 S /6","Align™","2025-11-09 01:27:19","1762622839893","好评：穿着舒适，透气性好，运动时无束缚感。"
"6e452e7caa60493984ba5210a1a44b4e","17ece09e-d3c0-4fb4-a510-d9406771e987","10106875432312
","4680","lululemon丨High-Rise 女士风琴褶高腰网球裙 LW8ALXS 白色 XXS /2","High-Rise","2025-11-09 01:27:21","1762622841012","好评：这款网球裙穿着舒适，高腰设计很显瘦，白色也很百搭。"
"b0c8bb23521c432a97ed6bc93088c83d","06ad50ee-ea09-468a-ad0e-4eecdeee7bad","10146450567209","6750","lululemon丨Sojourn 男士夹克 芯吸 LM3CZOS 太阳灰 L","Sojourn","2025-11-09 01:45:50","1762623950277","好评：这款夹克穿上超级有型，透气舒适，性价比很高！"
"0df995c4aed7404a848e5883ccd684e3","e2e59d28-96c9-4ec1-847c-4630eb28f789","10176896903499","3360","lululemon丨Dual-Pouch 斜挎包 LU9C16S 暖褐灰/浅象牙白 O/S","Dual-Pouch","2025-11-09 01:47:13","1762624033602","这款斜挎包设计时尚，容量适中，背起来非常舒服。"
"eb81249ca35c4e499435100a8de7dbc6","a3d27769-4953-4b92-a3e2-01892f647446","10162891417963","1280","lululemon丨Like a Cloud 女士细肩带运动内衣 A/B 速干 LW2DUDS 淀粉蓝 L /10","Like a","2025-11-09 02:42:57","1762627377723","好评：穿着舒适，速干效果好，颜色也很搭！"
"b344a92fd0ab478a91c5ec903dadc8c2","8df90abc-0070-4628-8047-a541d5cef4ee","10135721469998","3400","lululemon丨On My Level 女士小款手袋 LW9FNDS 黑/金 O/S","On My","2025-11-09 04:01:30","1762632090353","这款包包质量很好，皮质细腻，容量也足够！"
"5a7fccd333314c05a429f47858a824b5","2d38140e-ce98-4210-8688-22d4df58f1fb","10162878192196","2940","lululemon丨All Yours 女士棉混纺短款 T 恤 LW3IP2S 淀粉蓝 XS","All Yours","2025-11-09 04:12:37","1762632757193","好评：设计时尚，穿着舒适，颜色也很显年轻活力！"
"2be21f48e374420da366f901425ea72b","714e3718-9dc3-4337-976a-2bfadb14d95c","10046746669896","2750","lululemon丨Surge 男士运动短裤 6","Surge","2025-11-09 04:13:49","1762632829166","好评：质地舒适，运动中无束缚感，推荐！"
"ad9228cb02094841a6dca10e26577fe5","78d88d26-6ca6-401f-aec2-774c52d8593b","10119900815744","3200","lululemon丨Swiftly Tech 女士运动短款长袖 T 恤 2.0 LW3GH4S 石板灰/白 S /6","Swiftly Tech","2025-11-09 03:35:33","1762630533032","好评：这款T恤舒适透气，非常适合运动时穿着。"
"ef19529c3ab64dfcbc5f11005e2bdc16","3836455f-4bef-4e92-842e-99cec73ef194","10151683566676","12420","lululemon丨Water-Repellent Stretch 女士网球夹克 拒水 LW4BXKS 清凉蓝 XS /4","Water-Repellent Stretch","2025-11-09 04:41:36","1762634496830","好评：这款夹克透气性很好，穿着舒适，颜色也很漂亮！"
"b4f69b82e0614ba4bf7dc91d89a09d25","a3d27769-4953-4b92-a3e2-01892f647446","10120074154620","8280","lululemon丨Gym 运动健身包 LU9BRKS 黑/星际灰 O/S","Gym","2025-11-09 01:58:53","1762624733682","这款包质量不错，背起来也很舒服！"
"6fef18eae85d4e949625f7b5484ffe43","7805110a-c3c3-401a-8e5f-1d32a2f4ad44","10137925562350","8640","lululemon丨Dance Studio 女士宽松剪裁中腰工装裤 拒水 LW5GOEA 黑色 M","Dance Studio","2025-11-09 05:57:23","1762639043061","好评：版型舒适，面料透气，黑色百搭。"
"fba48b22c33a4df5b0ed72bbb1e64ed7","484c9f2f-c7ff-48f9-a1d4-382bed43b24b","10152080062465","4160","lululemon丨Modal-Blend 女士莫代尔混纺高腰 A 字中长裙 LW8AN6S 太阳灰 L","Modal-Blend","2025-11-09 07:24:02","1762644242315","差评：质量差，穿几天就掉色，完全不值这个价。"
"374d9e7d0b2f4e4795100e1a8787aa35","3836455f-4bef-4e92-842e-99cec73ef194","10150603722759","2750","lululemon丨Soft Jersey 男士短袖针织衫芯吸 LM3ES3S 杂色经典海军蓝/杂色海军蓝 M","Soft Jersey","2025-11-09 07:29:42","1762644582142","穿起来舒适透气，颜色也很耐看。好评。"
"9ae88b23e16942c688fae8dcb59f69f6","04e2bb73-9ba4-46c1-9af7-74c2060efc32","10120669951099","2750","lululemon丨Soft Jersey 男士短袖针织衫芯吸 LM3ES3S 加热游牧民族/加热生亚麻 M","Soft Jersey","2025-11-09 08:18:24","1762647504173","好评：这款针织衫穿着舒适，保暖性能很好，推荐！"
"2093eb9e0cb34568afb31fbd998a74af","cd27396f-37ae-4388-9f53-26cc9288ce91","10164237882145","1100","lululemon丨Zeroed In 男士运动短裤 9","Zeroed In","2025-11-09 09:07:43","1762650463214","这款短裤舒适度超好，但容易起球，不太耐用。"
"a5a8f0115e1e41bc9c32ac7f10cf8ac7","64d722c6-04c4-4454-8eec-1b245f7c35cb","10097669813124","760","lululemon丨Daily Stride 女士罗纹中筒袜 *3 双装 LW9FHFS 白色 L","Daily Stride","2025-11-09 09:12:16","1762650736035","好评：非常舒适，穿着无束缚感，推荐！"
"c5336ecf05fa4b47b19f1d0ffb28a414","fced0ce9-3e87-467b-90ff-07f8919e2d14","10112021413182","5400","lululemon丨Softstreme™ 女士高腰长裤 *常规款 LW5GBHS 黑色 L /10","Softstreme™","2025-11-09 10:20:54","1762654854219","好评：舒适度极佳，黑色经典百搭！"
"9a7a272afe75442486a0e79672c4412f","3b7bff50-e9b4-4a4a-9b32-3d3b421bf498","10158570948924","2400","lululemon丨Align™ 女士运动高腰紧身短裤 8","Align™","2025-11-09 10:29:42","1762655382277","好评：弹性十足，穿着舒适，运动时不会脱落。"
"42ab2efd3cbb482aaf4197240ad27bac","06ad50ee-ea09-468a-ad0e-4eecdeee7bad","10163351867613","840","lululemon丨Focuser™ 女士低圆领运动内衣 A/B 芯吸 LW2EHJS 白色 XS","Focuser™","2025-11-09 09:15:14","1762650914972","好评：这款运动内衣舒适度很高，白色也非常百搭！"
"7ffd370cbdc84c8d9d9ca4207aae8c26","ea160fa2-6f01-4769-ab11-e0230256a93c","10147776908490","5250","lululemon丨Align™ 女士运动高腰中长紧身裤 21","Align™","2025-11-09 11:08:44","1762657724608","好评：这款 leggings 穿着舒适，塑形效果好，推荐！"
"7d48e590de1a4d1ba3fbf00dfa9402e0","7e0fdabb-71e2-49ea-b573-f4ab324a1655","10163353673211","1280","lululemon丨Classic-Fit Ventilated 女士跑步经典剪裁通风夹克 LW4BYZS 白色 S /6","Classic-Fit Ventilated","2025-11-09 11:21:28","1762658488099","好评：透气性极佳，非常适合夏天跑步！"
"1a1280cfed824f86b4e9e50b84e4b303","e2e59d28-96c9-4ec1-847c-4630eb28f789","10137360071809","300","lululemon丨All It Takes 女士后侧锁孔运动背心*罗纹 Nulu™ LW1FNUS 朦胧粉 XS /4","All It","2025-11-09 09:23:22","1762651402896","好评：穿着舒适透气，运动时无束缚感，非常满意！"
"ff04defab512410da44be623aaf7efbb","64d722c6-04c4-4454-8eec-1b245f7c35cb","10103377971541","4950","lululemon丨Metal Vent Tech 男士运动短袖 T 恤 透气 LM3DOWS 运动上衣 石墨灰/黑 M","Metal Vent","2025-11-09 12:09:36","1762661376652","好评：透气性极好，穿着舒适，运动时非常凉爽！"
"515cd224252c4be3a6bac95a68173033","2d38140e-ce98-4210-8688-22d4df58f1fb","10067416338915","2000","lululemon丨Grid Tech 男士长裤 LM5577S 石墨灰 M","Grid Tech","2025-11-09 12:25:36","1762662336972","好评：版型舒适，透气性好，石墨灰也很时尚。"
"b67a123258394005a81fd00b107a1c3b","54ef4698-3b2b-4128-ba58-47f5aa4071d6","10159663225944","9720","lululemon丨Define 女士夹克 *Nulu™ 芯吸 LW4CFOS 雾绿 L /10","Define","2025-11-09 12:47:14","1762663634709","好评：设计时尚，穿着舒适，雾绿色搭配百搭！"
"d7edaa79b36d46269ded2f3390df2de0","fced0ce9-3e87-467b-90ff-07f8919e2d14","10063930135996","1680","lululemon丨Cross Chill 女士运动夹克 LW4BOHS 黑色 3XS /0","Cross Chill","2025-11-09 12:58:07","1762664287688","好评：穿在身上既时尚又保暖，运动时非常舒适。"
"c3f2e0de73e2400780da563497134904","54ef4698-3b2b-4128-ba58-47f5aa4071d6","10137933476135","1500","lululemon丨Hold Tight 女士平直下围紧身短款 T 恤 LW3IGAS 蔷薇粉 XS /4","Hold Tight","2025-11-09 13:46:01","1762667161923","好评：穿起来非常舒适，颜色也很显气质。"
"51b2e88893ee48fc8a31a4109f913895","8df90abc-0070-4628-8047-a541d5cef4ee","10163360532999","7560","lululemon丨Balancer Woven 男士运动宽松剪裁长裤 *常规款 LM5BC9S 黑色 M","Balancer Woven","2025-11-09 14:09:41","1762668581604","好评：质量上乘，透气舒适，黑色经典不易过时。"
"650864203fe74004a738526e43bb9ea8","04e2bb73-9ba4-46c1-9af7-74c2060efc32","10137428321540","7650","lululemon丨Wunder Train 女士运动高腰紧身裤 25","Wunder Train","2025-11-09 14:43:24","1762670604337","好评：弹性极好，高腰设计舒适不勒腰！"
"9499495241554b248f88d18a18b5f04c","54ef4698-3b2b-4128-ba58-47f5aa4071d6","10158250811557","6120","lululemon丨Lightweight 女士轻盈版高腰网球裙 LW8AK7S 雨林绿 S /6","Lightweight","2025-11-09 13:23:00","1762665780941","好评：版型合身，穿着舒适，绿色鲜艳！"
"bba8fa226369460a911085e610d42c9d","a3d27769-4953-4b92-a3e2-01892f647446","10129310177309","3920","lululemon丨Wunderlust 背包 拒水 双肩包 LU9AS8S 军绿/炮铜色 O/S","Wunderlust","2025-11-09 15:54:29","1762674869492","这款背包质量不错，设计时尚实用，值得拥有！"
"077619d556c5413caff578cf84828ece","7805110a-c3c3-401a-8e5f-1d32a2f4ad44","10163352339724","3600","lululemon丨Metal Vent Tech 男士运动背心 LM1364S 青柠黄绿/雾绿 M","Metal Vent","2025-11-09 16:15:34","1762676134749","好评：透气舒适，颜色鲜艳，运动时无负担。"
"425f9f130da645d1b538ada24b710c81","6f81f325-8710-4332-908f-21e9cd0806a9","10154996630416","2400","lululemon丨All It Takes女士运动 T恤 *罗纹Nulu™ 速干 LW3GV0S 橡木棕 XS /4","All It","2025-11-09 16:19:39","1762676379058","好评：质料舒适透气，运动时很合适。"
"2e97008f8c2d41d9a8d33c7e16181f25","3b7bff50-e9b4-4a4a-9b32-3d3b421bf498","10157570232238","2450","lululemon丨Fast and Free 运动腰包 LU9BXLS 薰衣草霜紫 S/M","Fast and","2025-11-09 16:53:43","1762678423984","好评：这款腰包设计时尚，携带方便，质量不错！"
"ec0003db7122459c9ec0104ef9c42c7e","9c9a5fb1-1223-4f4f-abd2-125259cafcc9","10115159936647","9440","lululemon丨Wunderlust 邮差包 LU9BVTS 黑色 O/S","Wunderlust","2025-11-09 17:24:37","1762680277674","好评：这款邮差包设计时尚，黑色经典，质量上乘，耐用度高。"
"ca21d5d0fbcd4996a02cc40d40b1ebac","4183985d-5991-4257-be78-a7a0672cf5ef","10135440997409","1600","lululemon丨Relaxed-Fit 女士宽松剪裁船型领口长袖 T 恤 LW3IOJS 浅象牙白 XS /4","Relaxed-Fit","2025-11-09 17:40:55","1762681255879","好评：穿着非常舒适，版型也十分合身！"
"4a12c87343d84f40800425a58276a754","5cf5450e-5e62-412c-9bf3-71fde943541f","10134656868768","960","lululemon丨Rulu 女士长袖亨利衫 LW3IU0S 石墨灰 S","Rulu","2025-11-09 18:54:35","1762685675749","好评：面料舒服，版型合适，石墨灰很百搭。"
"85a9b3e7045a427baac2749385032b90","54ef4698-3b2b-4128-ba58-47f5aa4071d6","10096728354226","3120","lululemon丨Canvas 女士帆布渔夫帽 LW9FA5S 莫哈韦棕褐色/浅象牙色 S/M","Canvas","2025-11-09 19:15:06","1762686906025","好评：设计时尚，透气性好，戴起来很舒适！"
"0e8870bad5834ca3b4998c554b5ace0e","a3d27769-4953-4b92-a3e2-01892f647446","10154157695017","3780","lululemon丨Energy 女士运动内衣 LW2AYSS 多彩混色 XXS /2","Energy","2025-11-09 19:33:21","1762688001646","好评：穿着舒适透气，运动时无束缚感，颜色鲜艳。"
"e5d3eb0aa5ec43e9ac847d6325340393","a44ca7ef-ba51-4b5d-8759-821468fdfb0d","10057784522933","480","lululemon丨The Mat 双面瑜伽垫 3mm LU9AGBS 露珠粉/水彩粉/白/露珠粉 3mm","The Mat","2025-11-09 20:26:48","1762691208775","好评：这款瑜伽垫防滑舒适，颜色也很提气！"
"8d9e013195ef4dd1b03d6e8e6e5e63d9","17ece09e-d3c0-4fb4-a510-d9406771e987","10155466065132","5220","lululemon丨Swiftly Tech 女士运动短款 T 恤 2.0 LW3GZHS 淀粉蓝/淀粉蓝 XS /4","Swiftly Tech","2025-11-09 20:32:52","1762691572068","好评：穿着舒适透气，颜色亮丽！"
"a055126c0f404809833ab851a0924683","3836455f-4bef-4e92-842e-99cec73ef194","10158263737925","4050","lululemon丨FlexyFlex 女士瑜伽交叉肩带运动内衣 A-C LW2EG5S 暖褐灰 S /M","FlexyFlex","2025-11-09 21:22:08","1762694528099","好评：穿上超级舒服，运动时完全不勒腰！"
"feb4260672f143f79734a547c9231930","3b0f11d1-e208-4a5e-96db-37d99aadcf08","10147050547992","5220","lululemon丨Align™ 女士运动高腰紧身短裤 8","Align™","2025-11-09 21:55:23","1762696523896","好评：穿起来舒适又修身，运动时完全不勒腿。"
"ed715fb338894e09a85d11d6c0bfc41e","8df90abc-0070-4628-8047-a541d5cef4ee","10154419610314","4500","lululemon丨Dance Studio 女士宽松剪裁中腰工装裤 拒水 LW5GILS 薰衣草紫 线上专售 S","Dance Studio","2025-11-09 22:16:04","1762697764602","穿起来非常舒适，吸湿排汗，适合日常运动穿着。"
"3cc521019fe9446b99c7584a3c1b340f","3836455f-4bef-4e92-842e-99cec73ef194","https://item.jd.com/10124796565037.html","5400","lululemon丨ABC 男士法兰绒松紧腰长裤 LM5AYSS 杂色黑 S","ABC","2025-11-09 22:21:45","1762698105275","好评：穿着舒适，版型修身，质量不错。"
"0644ff885a464561870cf3441aa1210a","7805110a-c3c3-401a-8e5f-1d32a2f4ad44","10147771397900","560","lululemon丨AIM 男士四角裤 3","AIM","2025-11-09 23:36:47","1762702607067","好评：舒适透气，运动时无束缚感！"
"3cedc281552241c88b56a6558dede6f1","54ef4698-3b2b-4128-ba58-47f5aa4071d6","10119642687372","2240","lululemon丨Clippable Nano 可悬挂收纳包 *拉绒 LU9C85S 草莓奶昔/银色 O/S","Clippable Nano","2025-11-10 00:36:32","1762706192479","好评：设计时尚，容量适中，携带方便。"
"457270ee1766494d90f8b88c4a450400","771c7346-c99f-4c13-84cc-a227c37e4f73","10163360022026","8820","lululemon丨Daydrift™ 女士高腰收腿长裤 LW5HUCA 浅象牙白 M","Daydrift™","2025-11-10 01:21:12","1762708872063","这条裤子穿着非常舒适，版型也很显瘦。"
"0c53b07f89744295b5da9ae13372c128","8df90abc-0070-4628-8047-a541d5cef4ee","10137114652308","6300","lululemon丨 Align™ 女士运动罗纹吊带裙 LW1FB4S 太阳灰 线上专售 S /6","Align™","2025-11-10 01:26:46","1762709206191","好评：版型舒适，颜色漂亮，运动时很透气！"
"35ec46e0e60d420faba1c2b626f7d7f2","78d88d26-6ca6-401f-aec2-774c52d8593b","10153913858349","5220","lululemon丨Align™ 女士两穿抹胸运动背心 LW1FGIS 紫灰 S /6","Align™","2025-11-10 03:04:14","1762715054128","好评：穿着舒适，运动时无束缚感，颜色也很时尚。"
"efb8f1a28cc74234a7b58e7420bfb741","8df90abc-0070-4628-8047-a541d5cef4ee","10106875432312
","4680","lululemon丨High-Rise 女士风琴褶高腰网球裙 LW8ALXS 白色 XXS /2","High-Rise","2025-11-10 02:18:05","1762712285983","好评：这条网球裙穿着舒适，白色显得很清爽！"
"2111a71ba09240a393d36067d3a707c6","714e3718-9dc3-4337-976a-2bfadb14d95c","10146450567209","3750","lululemon丨Sojourn 男士夹克 芯吸 LM3CZOS 太阳灰 L","Sojourn","2025-11-10 04:15:07","1762719307257","好评：版型合适，防晒效果好，穿着舒适。"
"99c88c67a57c4e9e98f1a6bce4f8bdee","54ef4698-3b2b-4128-ba58-47f5aa4071d6","10176896903499","4320","lululemon丨Dual-Pouch 斜挎包 LU9C16S 暖褐灰/浅象牙白 O/S","Dual-Pouch","2025-11-10 04:41:13","1762720873730","好评：这款斜挎包设计时尚，容量适中，日常出行非常实用！"
"80804cd3d9224dcab7f5cfece1cc863e","04e2bb73-9ba4-46c1-9af7-74c2060efc32","10162891417963","1600","lululemon丨Like a Cloud 女士细肩带运动内衣 A/B 速干 LW2DUDS 淀粉蓝 L /10","Like a","2025-11-10 05:20:48","1762723248993","差评：穿起来勒得慌，完全不像宣传的那么舒适。"
"f9c346763efc4942bcd5191d256d2657","7e039977-efaf-46cb-91d6-47e727531403","10135721469998","5440","lululemon丨On My Level 女士小款手袋 LW9FNDS 黑/金 O/S","On My","2025-11-10 06:45:26","1762728326359","这款手袋质量不错，设计时尚，但有点小。"
"a6d3c6b8d6eb40e59241fa2e2947882c","04e2bb73-9ba4-46c1-9af7-74c2060efc32","10162878192196","420","lululemon丨All Yours 女士棉混纺短款 T 恤 LW3IP2S 淀粉蓝 XS","All Yours","2025-11-10 07:54:42","1762732482437","这件T恤穿着舒适，颜色漂亮，好评！"
"25afccc098514e96ae094049ee1c4595","54ef4698-3b2b-4128-ba58-47f5aa4071d6","10046746669896","2750","lululemon丨Surge 男士运动短裤 6","Surge","2025-11-10 08:08:05","1762733285492","好评：穿着舒适，运动时不会束缚。"
"348512907983468db9feb52ecebe95df","54ef4698-3b2b-4128-ba58-47f5aa4071d6","10119900815744","2400","lululemon丨Swiftly Tech 女士运动短款长袖 T 恤 2.0 LW3GH4S 石板灰/白 S /6","Swiftly Tech","2025-11-10 09:48:28","1762739308660","好评：穿着舒适，透气性好，运动时很适合。"
"725fc368d0e549719b0578cae3b024e4","78d88d26-6ca6-401f-aec2-774c52d8593b","10151683566676","9660","lululemon丨Water-Repellent Stretch 女士网球夹克 拒水 LW4BXKS 清凉蓝 XS /4","Water-Repellent Stretch","2025-11-10 09:51:46","1762739506632","好评：透气舒适，颜色漂亮，非常适合运动。"
"c256e50c76fa4638822a00da0a216e75","d0d0c539-2307-493c-a7ea-92258d845f9f","10120074154620","5520","lululemon丨Gym 运动健身包 LU9BRKS 黑/星际灰 O/S","Gym","2025-11-10 11:09:20","1762744160856","好评：这款运动包容量大，设计合理，非常满意！"
"cc4bed807a844b2b9fb940fcaf6db95e","53b0e555-528b-4fb3-afac-7e9769e9d158","10137925562350","4320","lululemon丨Dance Studio 女士宽松剪裁中腰工装裤 拒水 LW5GOEA 黑色 M","Dance Studio","2025-11-10 11:58:49","1762747129831","差评：版型不合身，质量一般，不太推荐。"
"0f24b1fc2a9a4dc38b3f772125e1d3e0","8ccf2fcf-287c-4a5c-ab0f-6708248216f6","10152080062465","2600","lululemon丨Modal-Blend 女士莫代尔混纺高腰 A 字中长裙 LW8AN6S 太阳灰 L","Modal-Blend","2025-11-10 13:32:11","1762752731076","好评：裙子穿着超级舒适，上身效果也很nice！"
"0672d3eb6f0a4350b28079b9be153112","3836455f-4bef-4e92-842e-99cec73ef194","10150603722759","1100","lululemon丨Soft Jersey 男士短袖针织衫芯吸 LM3ES3S 杂色经典海军蓝/杂色海军蓝 M","Soft Jersey","2025-11-10 14:07:35","1762754855580","差评：质量差，穿了一次就变形了。"
"4995f79f2d3449f5b9011eb81cf05640","a44ca7ef-ba51-4b5d-8759-821468fdfb0d","10120669951099","1100","lululemon丨Soft Jersey 男士短袖针织衫芯吸 LM3ES3S 加热游牧民族/加热生亚麻 M","Soft Jersey","2025-11-10 14:47:42","1762757262374","好评：材质柔软，保暖舒适，设计时尚，非常满意！"
"02e0146f633f44c0b7ddf5c1d708f66d","fced0ce9-3e87-467b-90ff-07f8919e2d14","10164237882145","4400","lululemon丨Zeroed In 男士运动短裤 9","Zeroed In","2025-11-10 15:13:54","1762758834683","这款短裤穿着舒适，适合日常运动，好评！"
"12bd40af4fc2440e8804c3d11f30ef35","2d38140e-ce98-4210-8688-22d4df58f1fb","10097669813124","760","lululemon丨Daily Stride 女士罗纹中筒袜 *3 双装 LW9FHFS 白色 L","Daily Stride","2025-11-10 15:30:04","1762759804254","好评：穿着舒适，颜色也很百搭。"
"9de5e83ed4414ec082074c551f95e8e8","2d38140e-ce98-4210-8688-22d4df58f1fb","10112021413182","9720","lululemon丨Softstreme™ 女士高腰长裤 *常规款 LW5GBHS 黑色 L /10","Softstreme™","2025-11-10 15:56:59","1762761419185","好评：穿着舒适，版型修身，黑色经典不易过时。"
"31255ed4ef9c4f7bb37840815bc95bf7","a3d27769-4953-4b92-a3e2-01892f647446","10158570948924","480","lululemon丨Align™ 女士运动高腰紧身短裤 8","Align™","2025-11-10 10:26:14","1762741574793","好评：这条短裤弹力十足，穿着舒适，适合各种运动。"
"799a1168706245c98fded4cb91e1972b","714e3718-9dc3-4337-976a-2bfadb14d95c","10163351867613","1400","lululemon丨Focuser™ 女士低圆领运动内衣 A/B 芯吸 LW2EHJS 白色 XS","Focuser™","2025-11-10 17:28:12","1762766892188","好评：这款运动内衣穿着舒适，吸汗效果很好，强烈推荐！"
"fd751c631b9e4ce1b90bff80b37dbc11","4183985d-5991-4257-be78-a7a0672cf5ef","10147776908490","5250","lululemon丨Align™ 女士运动高腰中长紧身裤 21","Align™","2025-11-10 18:44:45","1762771485586","好评：穿着舒适，塑形效果好，适合长时间运动。"
"57f2ae39bd084a27978170a4c7c7951a","a3d27769-4953-4b92-a3e2-01892f647446","10163353673211","3840","lululemon丨Classic-Fit Ventilated 女士跑步经典剪裁通风夹克 LW4BYZS 白色 S /6","Classic-Fit Ventilated","2025-11-10 19:47:35","1762775255258","好评：透气性很好，非常适合夏天跑步！"
"2d457cf592964173b575b50c8741b48d","54ef4698-3b2b-4128-ba58-47f5aa4071d6","10137360071809","1500","lululemon丨All It Takes 女士后侧锁孔运动背心*罗纹 Nulu™ LW1FNUS 朦胧粉 XS /4","All It","2025-11-10 23:57:34","1762790254225","好评：这款背心穿着舒适，颜色也很优雅。"
